original,decoded,is_valid,is_same,smile_accuracy,tanimoto_distance,total_avg_accuracy
Cc1cc(NC(=O)C2CC=CCC2)ccc1C(=O)N(C)C,Cc1cc(NC(=O)C2CC=CCC2)ccc1C(=O)N(C)C,1,1,100.0,0.0,100.0
O=C(NCc1cccnc1)Nc1cccc(CN2CCCCC2=O)c1,O=C(NCc1cccnc1)Nc1cccc(CN2CCCCC2=O)c1,1,1,100.0,0.0,100.0
CCN(Cc1cnn(C)c1)CC(O)c1ccccc1Br,CCN(Cc1cnn(C)c1)CC(O)c1ccccc1Br,1,1,100.0,0.0,100.0
O=C(Nc1nnc(-c2ccncc2)o1)c1cccc(Br)c1,O=C(Nc1nnc(-c2ccncc2)o1)c1cccc(Br)c1,1,1,100.0,0.0,100.0
CC(C)CC(=O)N(Cc1nccn1Cc1ccccc1)C(C)C,CC(C)CC(=O)N(Cc1nccn1Cc1ccccc1)C(C)C,1,1,100.0,0.0,100.0
CN(Cc1ccc2c(c1)OCO2)C(=O)Nc1ccccc1,CN(Cc1ccc2c(c1)OCO2)C(=O)Nc1ccccc1,1,1,100.0,0.0,100.0
COc1ccc(-c2nnc(Sc3ccc4nnnn4n3)o2)cc1,COc1ccc(-c2nnc(Sc3ccc4nnnn4n3)o2)cc1,1,1,100.0,0.0,100.0
Cn1cc(CN2CCOC(C)(C(N)=O)C2)c2cc(F)ccc21,Cn1cc(CN2CCOC(C)(C(N)=O)C2)c2cc(F)ccc21,1,1,100.0,0.0,100.0
COc1ccc(Br)cc1NC(=O)CCc1ccccn1,COc1ccc(Br)cc1NC(=O)CCc1ccccn1,1,1,100.0,0.0,100.0
N#CCOC(=O)C1CCCN(C(=O)Nc2ccccc2)C1,N#CCOC(=O)C1CCCN(C(=O)Nc2ccccc2)C1,1,1,100.0,0.0,100.0
COc1cccc(OCc2nc(C(C)=O)cs2)c1,COc1cccc(OCc2nc(C(C)=O)cs2)c1,1,1,100.0,0.0,100.0
CCn1cnnc1CNC(=O)Cn1ccc2ccc(Cl)cc21,CCn1cnnc1CNC(=O)Cn1ccc2ccc(Cl)cc21,1,1,100.0,0.0,100.0
Cc1ccc(OCC(O)Cn2ccnc2-c2ccccn2)c(C)c1,Cc1ccc(OCC(O)Cn2ccnc2-c2ccccn2)c(C)c1,1,1,100.0,0.0,100.0
N#Cc1ccc(F)c(CNC(=O)NCCC(=O)N2CCCC2)c1,N#Cc1ccc(F)c(CNC(=O)NCCC(=O)N2CCCC2)c1,1,1,100.0,0.0,100.0
Cc1n[nH]cc1CNC(=O)C1CCCN1C(=O)C(C)(C)C,Cc1n[nH]cc1CNC(=O)C1CCCN1C(=O)C(C)(C)C,1,1,100.0,0.0,100.0
COc1c(Cl)cc(Cl)cc1C(O)C(N)=O,COc1c(Cl)cc(Cl)cc1C(O)C(N)=O,1,1,100.0,0.0,100.0
O=C(CN1C(=O)CCCc2ccccc21)NCc1ccccc1F,O=C(CN1C(=O)CCCc2ccccc21)NCc1ccccc1F,1,1,100.0,0.0,100.0
CN(CCCNC(=O)c1nccnc1N)c1ccccc1,CN(CCCNC(=O)c1nccnc1N)c1ccccc1,1,1,100.0,0.0,100.0
CC1CCCC(NC(=O)NC(C2CC2)C2CC2)C1,CC1CCCC(NC(=O)NC(C2CC2)C2CC2)C1,1,1,100.0,0.0,100.0
COCc1csc(NC(=O)N2CCCC2CN2CCOCC2)n1,COCc1csc(NC(=O)N2CCCC2CN2CCOCC2)n1,1,1,100.0,0.0,100.0
CCC1CN(C(=O)c2ccc3ccccc3c2)CCO1,CCC1CN(C(=O)c2ccc3ccccc3c2)CCO1,1,1,100.0,0.0,100.0
Cc1ccc2cc(CNc3ccc(F)cc3N)c(=O)[nH]c2c1,Cc1ccc2cc(CNc3ccc(F)cc3N)c(=O)[nH]c2c1,1,1,100.0,0.0,100.0
O=C(Nc1cccnc1-n1cc(Br)cn1)C1CCCC1,O=C(Nc1cccnc1-n1cc(Br)cn1)C1CCCC1,1,1,100.0,0.0,100.0
CC(C)C(=O)Nc1cccc(S(=O)(=O)N(C)c2ccccc2)c1,CC(C)C(=O)Nc1cccc(S(=O)(=O)N(C)c2ccccc2)c1,1,1,100.0,0.0,100.0
CCNc1nc(C)cc(N2CCN(C(=O)CC)CC2)n1,CCNc1nc(C)cc(N2CCN(C(=O)CC)CC2)n1,1,1,100.0,0.0,100.0
CCC(=O)Nc1ccc(NC(=O)CN(C)C(C)=O)cc1,CCC(=O)Nc1ccc(NC(=O)CN(C)C(C)=O)cc1,1,1,100.0,0.0,100.0
Cc1ccc(Cn2nc(Cn3cncn3)nc2-c2ccc[nH]2)cc1,Cc1ccc(Cn2nc(Cn3cncn3)nc2-c2ccc[nH]2)cc1,1,1,100.0,0.0,100.0
Cc1cc(C)n(CC(=O)Nc2ccccc2-n2ccnc2)n1,Cc1cc(C)n(CC(=O)Nc2ccccc2-n2ccnc2)n1,1,1,100.0,0.0,100.0
c1ncn(C2CCN(Cc3cnc(C4CC4)s3)CC2)n1,c1ncn(C2CCN(Cc3cnc(C4CC4)s3)CC2)n1,1,1,100.0,0.0,100.0
Cc1nnc2n1CCCC2NC(=O)N1CCCCCC1c1ccco1,Cc1nnc2n1CCCC2NC(=O)N1CCCCCC1c1ccco1,1,1,100.0,0.0,100.0
Cc1cccc2c1cnn2CCC(=O)Nc1ccn(CC#N)n1,Cc1cccc2c1cnn2CCC(=O)Nc1ccn(CC#N)n1,1,1,100.0,0.0,100.0
COc1ccc(CNC(=O)NC(C)Cc2c(C)noc2C)cc1OC,COc1ccc(CNC(=O)NC(C)Cc2c(C)noc2C)cc1OC,1,1,100.0,0.0,100.0
COC1CCCC1OC(=O)c1nc(-n2nc(C)cc2C)ccc1Cl,COC1CCCC1OC(=O)c1nc(-n2nc(C)cc2C)ccc1Cl,1,1,100.0,0.0,100.0
COc1cccc(C(=O)NCC(=O)N(C)Cc2ccc(F)cc2F)c1,COc1cccc(C(=O)NCC(=O)N(C)Cc2ccc(F)cc2F)c1,1,1,100.0,0.0,100.0
C#CCNC(=O)N(Cc1ccco1)Cc1ccc(C)s1,C#CCNC(=O)N(Cc1ccco1)Cc1ccc(C)s1,1,1,100.0,0.0,100.0
Cn1ncc2c(N)nc(CSc3ncn[nH]3)nc21,Cn1ncc2c(N)nc(CSc3ncn[nH]3)nc21,1,1,100.0,0.0,100.0
CCc1ccc(OCCCC(=O)Nc2nncs2)cc1,CCc1ccc(OCCCC(=O)Nc2nncs2)cc1,1,1,100.0,0.0,100.0
O=C(Nc1ccc(N2CCOCC2)cn1)C1C2CCCCC21,O=C(Nc1ccc(N2CCOCC2)cn1)C1C2CCCCC21,1,1,100.0,0.0,100.0
CC(C)(C)OC(=O)N1CCN(c2cnc3ccccn23)CC1,CC(C)(C)OC(=O)N1CCN(c2cnc3ccccn23)CC1,1,1,100.0,0.0,100.0
O=C(Cn1ncc(=O)c2ccccc21)Nc1cccc(F)c1,O=C(Cn1ncc(=O)c2ccccc21)Nc1cccc(F)c1,1,1,100.0,0.0,100.0
CCn1nnc2cc(C(=O)N(C)CCOc3ccccc3C)ccc21,CCn1nnc2cc(C(=O)N(C)CCOc3ccccc3C)ccc21,1,1,100.0,0.0,100.0
COc1cc(NC(=O)c2ccc3c(c2)OCO3)cc(OC)c1OC,COc1cc(NC(=O)c2ccc3c(c2)OCO3)cc(OC)c1OC,1,1,100.0,0.0,100.0
CC(C)C(NC(=O)c1ccccc1Cl)C(=O)Nc1cccc(O)c1,CC(C)C(NC(=O)c1ccccc1Cl)C(=O)Nc1cccc(O)c1,1,1,100.0,0.0,100.0
CCc1nc(NC(C)c2n[nH]c(C)n2)c2cnn(C)c2n1,CCc1nc(NC(C)c2n[nH]c(C)n2)c2cnn(C)c2n1,1,1,100.0,0.0,100.0
CCc1noc(CN(C)C(=O)Nc2ccc(OC(C)C)cc2C)n1,CCc1noc(CN(C)C(=O)Nc2ccc(OC(C)C)cc2C)n1,1,1,100.0,0.0,100.0
CC(=O)NC(C)C(=O)NC(C)c1ccc(NC(=O)C2CC2)cc1,CC(=O)NC(C)C(=O)NC(C)c1ccc(NC(=O)C2CC2)cc1,1,1,100.0,0.0,100.0
COc1ccccc1N1CCN(CC(=O)NC(C)(C)C)C1=O,COc1ccccc1N1CCN(CC(=O)NC(C)(C)C)C1=O,1,1,100.0,0.0,100.0
O=C(Cc1cccc(F)c1F)NCCC(=O)N1CCCC1,O=C(Cc1cccc(F)c1F)NCCC(=O)N1CCCC1,1,1,100.0,0.0,100.0
COc1ccc(OC)c(C2CC(c3ccccc3)n3nnnc3N2)c1,COc1ccc(OC)c(C2CC(c3ccccc3)n3nnnc3N2)c1,1,1,100.0,0.0,100.0
Cc1nn(C(C)C)c(C)c1NC(=O)N(Cc1ccccn1)C(C)C,Cc1nn(C(C)C)c(C)c1NC(=O)N(Cc1ccccn1)C(C)C,1,1,100.0,0.0,100.0
Cc1cccc(C)c1NC(=O)CNC(=O)Nc1cc(F)ccc1F,Cc1cccc(C)c1NC(=O)CNC(=O)Nc1cc(F)ccc1F,1,1,100.0,0.0,100.0
COc1ccc(NC(=O)c2oc3ccccc3c2C)cn1,COc1ccc(NC(=O)c2oc3ccccc3c2C)cn1,1,1,100.0,0.0,100.0
Cc1cc(C)n(-c2ccc(C(=O)N3CCC(C(N)=O)C3)cc2)n1,Cc1cc(C)n(-c2ccc(C(=O)N3CCC(C(N)=O)C3)cc2)n1,1,1,100.0,0.0,100.0
NC(=O)c1cccc(OC(=O)c2ccc(OCC(F)(F)F)nc2)c1,NC(=O)c1cccc(OC(=O)c2ccc(OCC(F)(F)F)nc2)c1,1,1,100.0,0.0,100.0
COCCCNC(=O)C1(C)CCC(=O)N1Cc1cccnc1,COCCCNC(=O)C1(C)CCC(=O)N1Cc1cccnc1,1,1,100.0,0.0,100.0
Cc1noc(C)c1C(=O)N(C)Cc1cccc(Cl)c1,Cc1noc(C)c1C(=O)N(C)Cc1cccc(Cl)c1,1,1,100.0,0.0,100.0
COc1ccc(NC(=O)N2CCc3ccccc3C2)c(OC)c1,COc1ccc(NC(=O)N2CCc3ccccc3C2)c(OC)c1,1,1,100.0,0.0,100.0
COc1ccc(OC)c(NCC(O)c2ccccc2Cl)c1,COc1ccc(OC)c(NCC(O)c2ccccc2Cl)c1,1,1,100.0,0.0,100.0
COc1ccc2nc(NS(=O)(=O)c3ccc(F)cc3)sc2c1,COc1ccc2nc(NS(=O)(=O)c3ccc(F)cc3)sc2c1,1,1,100.0,0.0,100.0
CC1(C)CN(C(=O)c2cc(-c3cccnc3)nc3ccccc23)CCO1,CC1(C)CN(C(=O)c2cc(-c3cccnc3)nc3ccccc23)CCO1,1,1,100.0,0.0,100.0
Cc1c(C(=O)Nc2nnc(CC(C)C)s2)cnn1-c1ccccc1,Cc1c(C(=O)Nc2nnc(CC(C)C)s2)cnn1-c1ccccc1,1,1,100.0,0.0,100.0
CCCNc1c(N)n(-c2ccccc2Cl)c(=O)[nH]c1=O,CCCNc1c(N)n(-c2ccccc2Cl)c(=O)[nH]c1=O,1,1,100.0,0.0,100.0
Cc1ccccc1CC(C)NS(=O)(=O)C(C)C,Cc1ccccc1CC(C)NS(=O)(=O)C(C)C,1,1,100.0,0.0,100.0
Nc1ccc(C(=O)N(CCO)C2CCCCC2)cc1,Nc1ccc(C(=O)N(CCO)C2CCCCC2)cc1,1,1,100.0,0.0,100.0
COc1ccc(CCNC(=O)c2nc(-c3ccncc3)no2)cc1,COc1ccc(CCNC(=O)c2nc(-c3ccncc3)no2)cc1,1,1,100.0,0.0,100.0
Cc1cc(NC(=O)CNc2cc(F)ccc2OCC(F)(F)F)on1,Cc1cc(NC(=O)CNc2cc(F)ccc2OCC(F)(F)F)on1,1,1,100.0,0.0,100.0
Cc1cccc(NC(=O)CCC(=O)c2ccc3c(c2)CCC3)n1,Cc1cccc(NC(=O)CCC(=O)c2ccc3c(c2)CCC3)n1,1,1,100.0,0.0,100.0
Nc1ccc2oc(-c3ccccc3Cl)cc(=O)c2c1,Nc1ccc2oc(-c3ccccc3Cl)cc(=O)c2c1,1,1,100.0,0.0,100.0
Cc1ccccc1C(=O)NCCc1cccc(F)c1,Cc1ccccc1C(=O)NCCc1cccc(F)c1,1,1,100.0,0.0,100.0
Nc1onc(-c2cccs2)c1-c1ccccc1F,Nc1onc(-c2cccs2)c1-c1ccccc1F,1,1,100.0,0.0,100.0
COC(=O)N1CCN(C(C)C(=O)Nc2nccs2)CC1,COC(=O)N1CCN(C(C)C(=O)Nc2nccs2)CC1,1,1,100.0,0.0,100.0
Cc1ccc(C(=O)N(C)c2cccc3ncccc23)c(C)n1,Cc1ccc(C(=O)N(C)c2cccc3ncccc23)c(C)n1,1,1,100.0,0.0,100.0
Cn1cc(NC(=O)CCC2CC2)cc(Br)c1=O,Cn1cc(NC(=O)CCC2CC2)cc(Br)c1=O,1,1,100.0,0.0,100.0
CC(C)n1ccc(CCNC(=O)NC2CC(=O)N(C3CC3)C2)n1,CC(C)n1ccc(CCNC(=O)NC2CC(=O)N(C3CC3)C2)n1,1,1,100.0,0.0,100.0
CCC(CC)C(=O)N1CCN(c2cc(N3CCOCC3)cnn2)CC1,CCC(CC)C(=O)N1CCN(c2cc(N3CCOCC3)cnn2)CC1,1,1,100.0,0.0,100.0
CCN(Cc1cnn(C)c1)S(=O)(=O)c1c(C)noc1C,CCN(Cc1cnn(C)c1)S(=O)(=O)c1c(C)noc1C,1,1,100.0,0.0,100.0
O=C(Cn1nc2c(cc1=O)CCCC2)Nc1cccc(F)c1,O=C(Cn1nc2c(cc1=O)CCCC2)Nc1cccc(F)c1,1,1,100.0,0.0,100.0
C#CCN(CC#CC)C(=O)Nc1cccnc1OC,C#CCN(CC#CC)C(=O)Nc1cccnc1OC,1,1,100.0,0.0,100.0
CC1Cc2ccccc2N1CC(=O)NCc1ccco1,CC1Cc2ccccc2N1CC(=O)NCc1ccco1,1,1,100.0,0.0,100.0
CCCCOc1ccc(C(=O)Nc2sccc2C(N)=O)cc1,CCCCOc1ccc(C(=O)Nc2sccc2C(N)=O)cc1,1,1,100.0,0.0,100.0
CCOCC(=O)N1CCCC2(CC(OCc3cccc(C)n3)CO2)C1,CCOCC(=O)N1CCCC2(CC(OCc3cccc(C)n3)CO2)C1,1,1,100.0,0.0,100.0
CCN(CC)C(=O)CCCNC(=O)Nc1cccc(F)c1,CCN(CC)C(=O)CCCNC(=O)Nc1cccc(F)c1,1,1,100.0,0.0,100.0
CCOC(=O)c1cc(S(=O)(=O)N(C)C)ccc1Cl,CCOC(=O)c1cc(S(=O)(=O)N(C)C)ccc1Cl,1,1,100.0,0.0,100.0
O=C(NC1CCCCc2ccccc21)N1CCC(c2nc[nH]n2)CC1,O=C(NC1CCCCc2ccccc21)N1CCC(c2nc[nH]n2)CC1,1,1,100.0,0.0,100.0
CC(NC(=O)NC1(c2cccc(Cl)c2)CC1)C1CCCO1,CC(NC(=O)NC1(c2cccc(Cl)c2)CC1)C1CCCO1,1,1,100.0,0.0,100.0
CNC(=O)c1cn[nH]c1C1CCCN1C(=O)Cc1csc(C)n1,CNC(=O)c1cn[nH]c1C1CCCN1C(=O)Cc1csc(C)n1,1,1,100.0,0.0,100.0
CNC(=O)c1ccccc1OC(=O)c1csc(C)n1,CNC(=O)c1ccccc1OC(=O)c1csc(C)n1,1,1,100.0,0.0,100.0
O=C(Nc1cnc(-n2cccn2)nc1)c1c(F)cccc1Cl,O=C(Nc1cnc(-n2cccn2)nc1)c1c(F)cccc1Cl,1,1,100.0,0.0,100.0
Cn1cnnc1SCC(=O)N(Cc1ccco1)C1=CCCCC1,Cn1cnnc1SCC(=O)N(Cc1ccco1)C1=CCCCC1,1,1,100.0,0.0,100.0
Cc1ccc(C)c(C(=O)N2CCCC2C(=O)NCc2ccco2)c1,Cc1ccc(C)c(C(=O)N2CCCC2C(=O)NCc2ccco2)c1,1,1,100.0,0.0,100.0
Cc1nn(-c2ccc(Cl)c(Cl)c2)c(C)c1CC(=O)NCCO,Cc1nn(-c2ccc(Cl)c(Cl)c2)c(C)c1CC(=O)NCCO,1,1,100.0,0.0,100.0
Cc1cc(C(F)(F)F)nc(SCCN2CCOCC2)c1C#N,Cc1cc(C(F)(F)F)nc(SCCN2CCOCC2)c1C#N,1,1,100.0,0.0,100.0
COc1ccc(S(=O)(=O)N(C)Cc2cscn2)cc1Cl,COc1ccc(S(=O)(=O)N(C)Cc2cscn2)cc1Cl,1,1,100.0,0.0,100.0
Cc1nc(CSc2nnc(C)o2)n(CC(F)(F)F)n1,Cc1nc(CSc2nnc(C)o2)n(CC(F)(F)F)n1,1,1,100.0,0.0,100.0
CCCOC(=O)c1cc(-c2cc3c(cc2Cl)OCCO3)n[nH]1,CCCOC(=O)c1cc(-c2cc3c(cc2Cl)OCCO3)n[nH]1,1,1,100.0,0.0,100.0
COCCOc1ccccc1CN1CCOC(C(N)=O)C1,COCCOc1ccccc1CN1CCOC(C(N)=O)C1,1,1,100.0,0.0,100.0
CC=Cc1ccc(OCC(=O)NC(C)(C)CC)c(OC)c1,CC=Cc1ccc(OCC(=O)NC(C)(C)CC)c(OC)c1,1,1,100.0,0.0,100.0
COC(=O)c1ccccc1OS(=O)(=O)c1ccc(F)cc1F,COC(=O)c1ccccc1OS(=O)(=O)c1ccc(F)cc1F,1,1,100.0,0.0,100.0
CC(=O)N(CCC(=O)Nc1n[nH]c2ccccc12)Cc1ccccc1,CC(=O)N(CCC(=O)Nc1n[nH]c2ccccc12)Cc1ccccc1,1,1,100.0,0.0,100.0
O=C(CN1CCOc2ccccc21)NCCc1ccc(F)cc1,O=C(CN1CCOc2ccccc21)NCCc1ccc(F)cc1,1,1,100.0,0.0,100.0
CCNc1ncc(C(=O)N(CCO)C2CC2)s1,CCNc1ncc(C(=O)N(CCO)C2CC2)s1,1,1,100.0,0.0,100.0
Cc1cc(C)n(-c2ccc(Cl)c(C(=O)N3CCC3)n2)n1,Cc1cc(C)n(-c2ccc(Cl)c(C(=O)N3CCC3)n2)n1,1,1,100.0,0.0,100.0
OCC(Cc1ccc2c(c1)OCO2)c1ccccc1,OCC(Cc1ccc2c(c1)OCO2)c1ccccc1,1,1,100.0,0.0,100.0
CCCNS(=O)(=O)c1cc(OC)c(OC)cc1C,CCCNS(=O)(=O)c1cc(OC)c(OC)cc1C,1,1,100.0,0.0,100.0
Cc1c(N)cccc1C(=O)Nc1ccc(OC(C)C)cc1,Cc1c(N)cccc1C(=O)Nc1ccc(OC(C)C)cc1,1,1,100.0,0.0,100.0
COc1cc(C(=O)NC2(Cc3ccc(C)cc3)CC2)ccc1O,COc1cc(C(=O)NC2(Cc3ccc(C)cc3)CC2)ccc1O,1,1,100.0,0.0,100.0
CCn1ncc(NC(=O)Cn2nc(C(F)F)cc2C)c1C(N)=O,CCn1ncc(NC(=O)Cn2nc(C(F)F)cc2C)c1C(N)=O,1,1,100.0,0.0,100.0
c1cnc(N2CCC3OCCN(Cc4ccncc4)C3CC2)nc1,c1cnc(N2CCC3OCCN(Cc4ccncc4)C3CC2)nc1,1,1,100.0,0.0,100.0
Cn1nnnc1SCC(=O)c1ccc(Cl)cc1Cl,Cn1nnnc1SCC(=O)c1ccc(Cl)cc1Cl,1,1,100.0,0.0,100.0
CC(=O)Nc1ccc(C(=O)Nc2cccc(Cl)c2F)cc1,CC(=O)Nc1ccc(C(=O)Nc2cccc(Cl)c2F)cc1,1,1,100.0,0.0,100.0
Cc1cc(NC(=O)CNc2ccc(C(=O)NC(C)C)c(C)c2)n(C)n1,Cc1cc(NC(=O)CNc2ccc(C(=O)NC(C)C)c(C)c2)n(C)n1,1,1,100.0,0.0,100.0
CCOC(=O)c1cn[nH]c1-c1ccc(OC)c(OC)c1,CCOC(=O)c1cn[nH]c1-c1ccc(OC)c(OC)c1,1,1,100.0,0.0,100.0
N#Cc1cnn(Cc2ccc(F)cc2)c1C(F)(F)F,N#Cc1cnn(Cc2ccc(F)cc2)c1C(F)(F)F,1,1,100.0,0.0,100.0
O=C(Cc1c[nH]c2cc(F)ccc12)N1CCCCC1Cn1cccn1,O=C(Cc1c[nH]c2cc(F)ccc12)N1CCCCC1Cn1cccn1,1,1,100.0,0.0,100.0
COc1ccc(CCNC(=O)c2cccc3c2ccn3C)cc1OC,COc1ccc(CCNC(=O)c2cccc3c2ccn3C)cc1OC,1,1,100.0,0.0,100.0
CCc1nnc(SCc2ccc(Br)cc2)n(N)c1=O,CCc1nnc(SCc2ccc(Br)cc2)n(N)c1=O,1,1,100.0,0.0,100.0
CNc1ccc(NC(=O)NCC(C)Cn2nc(C)cc2C)cn1,CNc1ccc(NC(=O)NCC(C)Cn2nc(C)cc2C)cn1,1,1,100.0,0.0,100.0
Cn1cc(C(=O)Nc2cnn(-c3ccccc3)c2)c(C(C)(C)C)n1,Cn1cc(C(=O)Nc2cnn(-c3ccccc3)c2)c(C(C)(C)C)n1,1,1,100.0,0.0,100.0
CC(C)COc1cccc(CNC(=O)NCC(=O)N(C)C)c1,CC(C)COc1cccc(CNC(=O)NCC(=O)N(C)C)c1,1,1,100.0,0.0,100.0
Oc1ccc2c(-c3cc(F)c(F)c(F)c3)noc2c1,Oc1ccc2c(-c3cc(F)c(F)c(F)c3)noc2c1,1,1,100.0,0.0,100.0
Cc1ccsc1CN(CCO)Cc1cccnc1,Cc1ccsc1CN(CCO)Cc1cccnc1,1,1,100.0,0.0,100.0
CCC1(CNC(=O)Cc2ccc(F)c(F)c2)CC1,CCC1(CNC(=O)Cc2ccc(F)c(F)c2)CC1,1,1,100.0,0.0,100.0
CC(C)C(=O)Nc1cccc(S(=O)(=O)N(C)C)c1,CC(C)C(=O)Nc1cccc(S(=O)(=O)N(C)C)c1,1,1,100.0,0.0,100.0
COc1ccc(N)cc1NC(=O)CCCn1ccnc1,COc1ccc(N)cc1NC(=O)CCCn1ccnc1,1,1,100.0,0.0,100.0
Cc1sc(NC(=O)Cc2ccccc2)c(C#N)c1C,Cc1sc(NC(=O)Cc2ccccc2)c(C#N)c1C,1,1,100.0,0.0,100.0
Cc1nn(C)cc1C1C(C(N)=O)C(=O)CC(C)(O)C1C(N)=O,Cc1nn(C)cc1C1C(C(N)=O)C(=O)CC(C)(O)C1C(N)=O,1,1,100.0,0.0,100.0
CC(=O)c1ccc(NC(=O)c2ccc(S(C)=O)cc2)cc1,CC(=O)c1ccc(NC(=O)c2ccc(S(C)=O)cc2)cc1,1,1,100.0,0.0,100.0
C=CCn1c(=O)n(-c2ccccc2)c(=O)c2cc(OC)c(OC)cc21,C=CCn1c(=O)n(-c2ccccc2)c(=O)c2cc(OC)c(OC)cc21,1,1,100.0,0.0,100.0
CN(C(=O)CNC(=O)NC1CC1)c1ccc(F)c(F)c1,CN(C(=O)CNC(=O)NC1CC1)c1ccc(F)c(F)c1,1,1,100.0,0.0,100.0
CCn1c(=O)[nH]c(=O)c2c(C(F)(F)F)cc(-c3ccc(C)cc3)nc21,CCn1c(=O)[nH]c(=O)c2c(C(F)(F)F)cc(-c3ccc(C)cc3)nc21,1,1,100.0,0.0,100.0
NC(=O)CSc1nnc(COc2ccccc2Cl)n1C1CC1,NC(=O)CSc1nnc(COc2ccccc2Cl)n1C1CC1,1,1,100.0,0.0,100.0
CC(C)CNC(=O)c1cc(Br)ccc1F,CC(C)CNC(=O)c1cc(Br)ccc1F,1,1,100.0,0.0,100.0
Cc1ccc2nc(CSc3nnc(C)s3)cc(=O)n2c1,Cc1ccc2nc(CSc3nnc(C)s3)cc(=O)n2c1,1,1,100.0,0.0,100.0
O=C(c1ccccc1F)N(Cc1ccco1)Cc1ccccc1F,O=C(c1ccccc1F)N(Cc1ccco1)Cc1ccccc1F,1,1,100.0,0.0,100.0
COc1cccc(C(=O)CCNc2cccc(C#N)c2)c1,COc1cccc(C(=O)CCNc2cccc(C#N)c2)c1,1,1,100.0,0.0,100.0
CCCN1C(=O)c2ccccc2NC1c1ccc(O)c(OCC)c1,CCCN1C(=O)c2ccccc2NC1c1ccc(O)c(OCC)c1,1,1,100.0,0.0,100.0
CCC1CC(C(=O)Nc2ccnn2Cc2ccsc2)CCO1,CCC1CC(C(=O)Nc2ccnn2Cc2ccsc2)CCO1,1,1,100.0,0.0,100.0
Oc1cccc(Cc2nc(-c3ccncc3)no2)c1,Oc1cccc(Cc2nc(-c3ccncc3)no2)c1,1,1,100.0,0.0,100.0
CN(CC=Cc1ccccc1)Cc1nc2ccccc2c(=O)[nH]1,CN(CC=Cc1ccccc1)Cc1nc2ccccc2c(=O)[nH]1,1,1,100.0,0.0,100.0
COc1ccc(CC(=O)Nc2ccc3sc(C)nc3c2)cc1C,COc1ccc(CC(=O)Nc2ccc3sc(C)nc3c2)cc1C,1,1,100.0,0.0,100.0
CCC1CN(C(=O)c2cc(S(=O)(=O)NC)ccc2Cl)CCO1,CCC1CN(C(=O)c2cc(S(=O)(=O)NC)ccc2Cl)CCO1,1,1,100.0,0.0,100.0
CCC(CC)c1nc2c([nH]1)c(=O)n(C)c(=O)n2C,CCC(CC)c1nc2c([nH]1)c(=O)n(C)c(=O)n2C,1,1,100.0,0.0,100.0
COc1cccc(CN(C)Cc2nc(C)cs2)c1OC(F)F,COc1cccc(CN(C)Cc2nc(C)cs2)c1OC(F)F,1,1,100.0,0.0,100.0
CC(C)(O)CCc1ccc(C(=O)NC2CCCNC2=O)cc1,CC(C)(O)CCc1ccc(C(=O)NC2CCCNC2=O)cc1,1,1,100.0,0.0,100.0
CCCCn1c(=O)[nH]c(=O)c2c1nc(COc1ccccn1)n2C,CCCCn1c(=O)[nH]c(=O)c2c1nc(COc1ccccn1)n2C,1,1,100.0,0.0,100.0
CC(C)NC(=O)c1ccc(NC(=O)N2CCOC(C)(C)C2)cc1,CC(C)NC(=O)c1ccc(NC(=O)N2CCOC(C)(C)C2)cc1,1,1,100.0,0.0,100.0
CCc1c(C(=O)NCc2cnc(C)s2)[nH]c(C)c1C(C)=O,CCc1c(C(=O)NCc2cnc(C)s2)[nH]c(C)c1C(C)=O,1,1,100.0,0.0,100.0
CCC(C)OC(=O)c1ccc2c(c1)CCN2S(C)(=O)=O,CCC(C)OC(=O)c1ccc2c(c1)CCN2S(C)(=O)=O,1,1,100.0,0.0,100.0
O=C(Nc1cccc(O)c1)C1CC(=O)N(Cc2ccccc2Cl)C1,O=C(Nc1cccc(O)c1)C1CC(=O)N(Cc2ccccc2Cl)C1,1,1,100.0,0.0,100.0
Cc1ccc(CC(CO)NC(=O)c2ccccc2)cc1,Cc1ccc(CC(CO)NC(=O)c2ccccc2)cc1,1,1,100.0,0.0,100.0
Cn1cc(CC(=O)NCCCn2cccc2)c2ccccc21,Cn1cc(CC(=O)NCCCn2cccc2)c2ccccc21,1,1,100.0,0.0,100.0
CCc1cc(CNS(=O)(=O)N2CCCC2c2ccco2)on1,CCc1cc(CNS(=O)(=O)N2CCCC2c2ccco2)on1,1,1,100.0,0.0,100.0
Cc1ccc2c(CSc3nncs3)cc(=O)oc2c1,Cc1ccc2c(CSc3nncs3)cc(=O)oc2c1,1,1,100.0,0.0,100.0
COCCOCC(=O)Nc1ccc(Br)cc1C(C)C,COCCOCC(=O)Nc1ccc(Br)cc1C(C)C,1,1,100.0,0.0,100.0
CNC(=O)c1ccc(Cl)c(NC(=O)c2ccc(COC)cc2)c1,CNC(=O)c1ccc(Cl)c(NC(=O)c2ccc(COC)cc2)c1,1,1,100.0,0.0,100.0
O=S(=O)(NCc1ccccc1F)c1ccc(F)cc1,O=S(=O)(NCc1ccccc1F)c1ccc(F)cc1,1,1,100.0,0.0,100.0
O=C(OCC(=O)N1CCN(c2ccccc2F)CC1)c1ccccn1,O=C(OCC(=O)N1CCN(c2ccccc2F)CC1)c1ccccn1,1,1,100.0,0.0,100.0
O=C(COc1cccc(-n2ccnc2)c1)Nc1cc(F)ccc1F,O=C(COc1cccc(-n2ccnc2)c1)Nc1cc(F)ccc1F,1,1,100.0,0.0,100.0
COC1CCCN(C(=O)CCc2nc(-c3ccsc3)no2)C1,COC1CCCN(C(=O)CCc2nc(-c3ccsc3)no2)C1,1,1,100.0,0.0,100.0
CCc1ncc(C(=O)N2CCCC(CCc3ccc(F)cc3)C2)cn1,CCc1ncc(C(=O)N2CCCC(CCc3ccc(F)cc3)C2)cn1,1,1,100.0,0.0,100.0
O=C(CNC(=O)NC1CCCC1)Nc1ccccc1,O=C(CNC(=O)NC1CCCC1)Nc1ccccc1,1,1,100.0,0.0,100.0
Cc1cnc(C(N)=O)c(CCc2ccc(S(N)(=O)=O)cc2)n1,Cc1cnc(C(N)=O)c(CCc2ccc(S(N)(=O)=O)cc2)n1,1,1,100.0,0.0,100.0
COCc1cc(C(=O)NCC(C)(C)c2ccc(OC)cc2)no1,COCc1cc(C(=O)NCC(C)(C)c2ccc(OC)cc2)no1,1,1,100.0,0.0,100.0
CC(C)c1ccc(CC(=O)Nc2nnc(-c3ccnn3C)o2)cc1,CC(C)c1ccc(CC(=O)Nc2nnc(-c3ccnn3C)o2)cc1,1,1,100.0,0.0,100.0
CCc1cnc(N)nc1N1CCC(CCC(=O)NC2CC2)CC1,CCc1cnc(N)nc1N1CCC(CCC(=O)NC2CC2)CC1,1,1,100.0,0.0,100.0
O=C(Nc1cccc(F)c1F)c1ccccc1F,O=C(Nc1cccc(F)c1F)c1ccccc1F,1,1,100.0,0.0,100.0
COc1c(O)c(Cl)cc2c1C(CC(C)(C)C)NCC2,COc1c(O)c(Cl)cc2c1C(CC(C)(C)C)NCC2,1,1,100.0,0.0,100.0
CC(c1c(F)cccc1F)N(C)c1ncnc2c1cnn2C,CC(c1c(F)cccc1F)N(C)c1ncnc2c1cnn2C,1,1,100.0,0.0,100.0
COC(=O)NCC(=O)N1CCCC(N2CCNC2=O)C1,COC(=O)NCC(=O)N1CCCC(N2CCNC2=O)C1,1,1,100.0,0.0,100.0
COCC(=O)NC(C(=O)Oc1ccccc1C)C(C)C,COCC(=O)NC(C(=O)Oc1ccccc1C)C(C)C,1,1,100.0,0.0,100.0
CCNC(=O)N1CC(C(=O)NC(C)C)C(c2cccc(F)c2)C1,CCNC(=O)N1CC(C(=O)NC(C)C)C(c2cccc(F)c2)C1,1,1,100.0,0.0,100.0
CC(=O)Nc1nc(C(=O)N(C)C(C)CC(C)C)cs1,CC(=O)Nc1nc(C(=O)N(C)C(C)CC(C)C)cs1,1,1,100.0,0.0,100.0
Cc1ncsc1CCN1CC(O)CC1c1cc(F)ccc1F,Cc1ncsc1CCN1CC(O)CC1c1cc(F)ccc1F,1,1,100.0,0.0,100.0
c1cnn(CC2CN(Cc3ccc4c(c3)OCCO4)CCO2)c1,c1cnn(CC2CN(Cc3ccc4c(c3)OCCO4)CCO2)c1,1,1,100.0,0.0,100.0
Cc1cc(OCC(=O)Nc2nccs2)ccc1Cl,Cc1cc(OCC(=O)Nc2nccs2)ccc1Cl,1,1,100.0,0.0,100.0
Cc1cccc(-c2nnc(CN3CCN(c4ncccn4)CC3)o2)c1,Cc1cccc(-c2nnc(CN3CCN(c4ncccn4)CC3)o2)c1,1,1,100.0,0.0,100.0
O=C(Nc1nccs1)c1csc(Nc2ncccn2)n1,O=C(Nc1nccs1)c1csc(Nc2ncccn2)n1,1,1,100.0,0.0,100.0
Cc1ccc(NC(=O)CCCNC(=O)c2cccs2)c(F)c1,Cc1ccc(NC(=O)CCCNC(=O)c2cccs2)c(F)c1,1,1,100.0,0.0,100.0
CCN(C(=O)Cc1c[nH]c2ccccc12)C1CCCC1,CCN(C(=O)Cc1c[nH]c2ccccc12)C1CCCC1,1,1,100.0,0.0,100.0
CN(Cc1nc2ccccc2[nH]1)C(=O)C1CCCCC1,CN(Cc1nc2ccccc2[nH]1)C(=O)C1CCCCC1,1,1,100.0,0.0,100.0
O=C1CCC(CN(Cc2cccnc2)Cc2ccsc2)N1,O=C1CCC(CN(Cc2cccnc2)Cc2ccsc2)N1,1,1,100.0,0.0,100.0
CCN(C(=O)NCc1cccnc1-n1cncn1)C1CCCCC1,CCN(C(=O)NCc1cccnc1-n1cncn1)C1CCCCC1,1,1,100.0,0.0,100.0
CCNC(=O)COc1ccc(Oc2ccccn2)cc1,CCNC(=O)COc1ccc(Oc2ccccn2)cc1,1,1,100.0,0.0,100.0
CCC(=O)NCC(=O)N1CCCC1C(CC)c1ccccc1,CCC(=O)NCC(=O)N1CCCC1C(CC)c1ccccc1,1,1,100.0,0.0,100.0
COc1c(C)cnc(CNC(=O)c2ccc(O)c(Cl)c2)c1C,COc1c(C)cnc(CNC(=O)c2ccc(O)c(Cl)c2)c1C,1,1,100.0,0.0,100.0
O=C(COc1ccc(-c2nnco2)cc1)N1CCCC1,O=C(COc1ccc(-c2nnco2)cc1)N1CCCC1,1,1,100.0,0.0,100.0
CC(C#N)CN(C)C(=O)c1ccccc1Br,CC(C#N)CN(C)C(=O)c1ccccc1Br,1,1,100.0,0.0,100.0
Cn1nc(C(=O)N2CC(C)(C)Sc3ccccc32)ccc1=O,Cn1nc(C(=O)N2CC(C)(C)Sc3ccccc32)ccc1=O,1,1,100.0,0.0,100.0
CCC(O)c1ccc2c(c1)C(NC(=O)COC)CCC2,CCC(O)c1ccc2c(c1)C(NC(=O)COC)CCC2,1,1,100.0,0.0,100.0
O=S(=O)(c1ccc(CSc2ccccn2)cc1)C(F)F,O=S(=O)(c1ccc(CSc2ccccn2)cc1)C(F)F,1,1,100.0,0.0,100.0
COc1ccc(CNC(=O)C2CC(=O)Nc3cc(F)ccc32)cn1,COc1ccc(CNC(=O)C2CC(=O)Nc3cc(F)ccc32)cn1,1,1,100.0,0.0,100.0
O=C(CSc1cn[nH]n1)N1CCc2ccccc2C1,O=C(CSc1cn[nH]n1)N1CCc2ccccc2C1,1,1,100.0,0.0,100.0
COCCN1CC(C(=O)NCc2cc(F)cc(F)c2)CC1=O,COCCN1CC(C(=O)NCc2cc(F)cc(F)c2)CC1=O,1,1,100.0,0.0,100.0
Cc1cc2n(n1)CCC(=O)N2CCCC(=O)N1CCOCC1,Cc1cc2n(n1)CCC(=O)N2CCCC(=O)N1CCOCC1,1,1,100.0,0.0,100.0
COc1ncccc1C(=O)NCc1nncn1C(C)C,COc1ncccc1C(=O)NCc1nncn1C(C)C,1,1,100.0,0.0,100.0
CC(C)N(C)S(=O)(=O)c1ccc2c(c1)OCCCO2,CC(C)N(C)S(=O)(=O)c1ccc2c(c1)OCCCO2,1,1,100.0,0.0,100.0
Cc1ccc2nc(NC(=O)c3cc(N)ccc3Cl)sc2c1,Cc1ccc2nc(NC(=O)c3cc(N)ccc3Cl)sc2c1,1,1,100.0,0.0,100.0
Cc1nc(CNc2ccccc2SCCC#N)no1,Cc1nc(CNc2ccccc2SCCC#N)no1,1,1,100.0,0.0,100.0
COc1cc(C)c(C)cc1S(=O)(=O)Nc1ccc(CC(N)=O)cc1,COc1cc(C)c(C)cc1S(=O)(=O)Nc1ccc(CC(N)=O)cc1,1,1,100.0,0.0,100.0
Cc1cn2c(CN(C)S(=O)(=O)c3cccs3)c(C)nc2s1,Cc1cn2c(CN(C)S(=O)(=O)c3cccs3)c(C)nc2s1,1,1,100.0,0.0,100.0
CCCC(=O)N1CC(c2nc(-c3ccccn3)no2)C1,CCCC(=O)N1CC(c2nc(-c3ccccn3)no2)C1,1,1,100.0,0.0,100.0
CNC(=O)CCCN(C)Cc1nc2c(s1)CC(C)CC2,CNC(=O)CCCN(C)Cc1nc2c(s1)CC(C)CC2,1,1,100.0,0.0,100.0
O=C(c1c(F)cccc1Cl)N1CCN(c2cnccn2)CC1,O=C(c1c(F)cccc1Cl)N1CCN(c2cnccn2)CC1,1,1,100.0,0.0,100.0
CS(=O)(=O)N(CC(=O)Nc1ccccc1)C1CCCCC1,CS(=O)(=O)N(CC(=O)Nc1ccccc1)C1CCCCC1,1,1,100.0,0.0,100.0
O=C(Nc1cc(F)ccc1Cl)N1CCC2(CC1)OCCO2,O=C(Nc1cc(F)ccc1Cl)N1CCC2(CC1)OCCO2,1,1,100.0,0.0,100.0
O=C(Nc1nnc(C(F)F)s1)c1n[nH]c2ccccc12,O=C(Nc1nnc(C(F)F)s1)c1n[nH]c2ccccc12,1,1,100.0,0.0,100.0
Cc1ccc(C(N)=O)c(OCC(=O)NCCc2ccccc2)c1,Cc1ccc(C(N)=O)c(OCC(=O)NCCc2ccccc2)c1,1,1,100.0,0.0,100.0
COc1ccc2[nH]cc(CNc3cc(C)no3)c2c1,COc1ccc2[nH]cc(CNc3cc(C)no3)c2c1,1,1,100.0,0.0,100.0
CC(=O)N1CCN(Cc2nc(C3CC3)no2)CC1,CC(=O)N1CCN(Cc2nc(C3CC3)no2)CC1,1,1,100.0,0.0,100.0
OC(CN1CCOCC1)CN1CCCC1c1ccccc1,OC(CN1CCOCC1)CN1CCCC1c1ccccc1,1,1,100.0,0.0,100.0
Cc1cc(S(=O)(=O)Nc2cccnc2)ccc1F,Cc1cc(S(=O)(=O)Nc2cccnc2)ccc1F,1,1,100.0,0.0,100.0
O=C(c1cc(=O)[nH]c2ccccc12)N1Cc2ccccc2C1,O=C(c1cc(=O)[nH]c2ccccc12)N1Cc2ccccc2C1,1,1,100.0,0.0,100.0
Cc1nn(-c2ccccc2)c(C)c1CNC(=O)c1cnccn1,Cc1nn(-c2ccccc2)c(C)c1CNC(=O)c1cnccn1,1,1,100.0,0.0,100.0
CCOc1ccccc1NC(=O)CC(C#N)c1cccnc1,CCOc1ccccc1NC(=O)CC(C#N)c1cccnc1,1,1,100.0,0.0,100.0
CCOc1ccc(NC(=O)c2[nH]c(CC)c(C(=O)OC)c2C)cc1,CCOc1ccc(NC(=O)c2[nH]c(CC)c(C(=O)OC)c2C)cc1,1,1,100.0,0.0,100.0
CCCCNC(=O)CCn1cnc2onc(-c3ccccc3)c2c1=O,CCCCNC(=O)CCn1cnc2onc(-c3ccccc3)c2c1=O,1,1,100.0,0.0,100.0
CC(C)c1cncnc1N1CCC(N2CCOCC2)C(CCCO)C1,CC(C)c1cncnc1N1CCC(N2CCOCC2)C(CCCO)C1,1,1,100.0,0.0,100.0
Nn1c(SCCN2CCOC2=O)nnc1-c1ccco1,Nn1c(SCCN2CCOC2=O)nnc1-c1ccco1,1,1,100.0,0.0,100.0
CN(CCc1ccncc1)C(=O)Nc1ccc(C(F)(F)F)cc1,CN(CCc1ccncc1)C(=O)Nc1ccc(C(F)(F)F)cc1,1,1,100.0,0.0,100.0
Cc1cnn(C2CCCN(C(=O)COc3ccc(C(N)=O)cc3)C2)c1,Cc1cnn(C2CCCN(C(=O)COc3ccc(C(N)=O)cc3)C2)c1,1,1,100.0,0.0,100.0
COc1ccc(C(=O)CNS(=O)(=O)N(C)C)cc1C(C)C,COc1ccc(C(=O)CNS(=O)(=O)N(C)C)cc1C(C)C,1,1,100.0,0.0,100.0
CC1CN(Cc2ccccc2)CCN1C(=O)NCc1ncn(C)n1,CC1CN(Cc2ccccc2)CCN1C(=O)NCc1ncn(C)n1,1,1,100.0,0.0,100.0
O=C(Cc1ccc[nH]1)Nc1cnn(-c2ncccn2)c1,O=C(Cc1ccc[nH]1)Nc1cnn(-c2ncccn2)c1,1,1,100.0,0.0,100.0
Cc1ccc(Cl)cc1S(=O)(=O)N(C)Cc1ccoc1C,Cc1ccc(Cl)cc1S(=O)(=O)N(C)Cc1ccoc1C,1,1,100.0,0.0,100.0
OCCn1nnnc1NCc1ccc(-c2ccc(Cl)cc2)o1,OCCn1nnnc1NCc1ccc(-c2ccc(Cl)cc2)o1,1,1,100.0,0.0,100.0
CC(OC(=O)c1cc(F)c(F)cc1Cl)C(=O)NC1CC1,CC(OC(=O)c1cc(F)c(F)cc1Cl)C(=O)NC1CC1,1,1,100.0,0.0,100.0
OCC1OC(n2cnc3c(Oc4ccccc4)ncnc32)CC1O,OCC1OC(n2cnc3c(Oc4ccccc4)ncnc32)CC1O,1,1,100.0,0.0,100.0
Nc1cccc(C(=O)NCCc2ccc(Cl)cc2Cl)c1,Nc1cccc(C(=O)NCCc2ccc(Cl)cc2Cl)c1,1,1,100.0,0.0,100.0
CC(NC(=O)NCCc1cccc(O)c1)C(=O)N1CCCCC1,CC(NC(=O)NCCc1cccc(O)c1)C(=O)N1CCCCC1,1,1,100.0,0.0,100.0
Fc1ccc(-n2nc(C(F)(F)F)c3c2CCNC3)cc1,Fc1ccc(-n2nc(C(F)(F)F)c3c2CCNC3)cc1,1,1,100.0,0.0,100.0
CC1CN(C(C)C(=O)N(C)CC2COc3ccccc3O2)CC(C)O1,CC1CN(C(C)C(=O)N(C)CC2COc3ccccc3O2)CC(C)O1,1,1,100.0,0.0,100.0
CN(C)c1ccc(C(=O)N2CCC(Oc3cccnn3)CC2)cc1,CN(C)c1ccc(C(=O)N2CCC(Oc3cccnn3)CC2)cc1,1,1,100.0,0.0,100.0
NC(=O)C1CCCN(C(=O)Cc2cccc3cccnc23)C1,NC(=O)C1CCCN(C(=O)Cc2cccc3cccnc23)C1,1,1,100.0,0.0,100.0
CC1(C(=O)NCc2ccc(NC(=O)C3CC3)cc2)CC1(Cl)Cl,CC1(C(=O)NCc2ccc(NC(=O)C3CC3)cc2)CC1(Cl)Cl,1,1,100.0,0.0,100.0
O=S(=O)(NCC1CCOC1)c1cccc(C(F)(F)F)c1,O=S(=O)(NCC1CCOC1)c1cccc(C(F)(F)F)c1,1,1,100.0,0.0,100.0
Cc1ccc(S(=O)(=O)Nc2ccc3c(c2)C(=O)NCCO3)cc1,Cc1ccc(S(=O)(=O)Nc2ccc3c(c2)C(=O)NCCO3)cc1,1,1,100.0,0.0,100.0
CC(C)C(=O)c1cccc(S(=O)(=O)NC2CCCC2)c1,CC(C)C(=O)c1cccc(S(=O)(=O)NC2CCCC2)c1,1,1,100.0,0.0,100.0
Cc1cnc(C)c(N2CCN(c3nc4ccccc4s3)CC2)n1,Cc1cnc(C)c(N2CCN(c3nc4ccccc4s3)CC2)n1,1,1,100.0,0.0,100.0
CN1CC(C(=O)Nc2ccc3c(c2)OC(C)(C)O3)CC1=O,CN1CC(C(=O)Nc2ccc3c(c2)OC(C)(C)O3)CC1=O,1,1,100.0,0.0,100.0
CNC(=O)c1ccc(NC(=O)c2cccc(NC(C)=O)c2)cc1Cl,CNC(=O)c1ccc(NC(=O)c2cccc(NC(C)=O)c2)cc1Cl,1,1,100.0,0.0,100.0
O=C(NCc1ccc(F)c(F)c1)c1cn(-c2cccc(Cl)c2)nn1,O=C(NCc1ccc(F)c(F)c1)c1cn(-c2cccc(Cl)c2)nn1,1,1,100.0,0.0,100.0
Cc1ccc(-n2ncc(C(=O)Nc3ccccn3)c2C(F)(F)F)cc1,Cc1ccc(-n2ncc(C(=O)Nc3ccccn3)c2C(F)(F)F)cc1,1,1,100.0,0.0,100.0
N#Cc1cc(F)cc(C2NCCc3ccc4c(c32)CCO4)c1,N#Cc1cc(F)cc(C2NCCc3ccc4c(c32)CCO4)c1,1,1,100.0,0.0,100.0
O=c1[nH]ccnc1N1CCN(Cc2csc3ccccc23)CC1,O=c1[nH]ccnc1N1CCN(Cc2csc3ccccc23)CC1,1,1,100.0,0.0,100.0
Cc1ccc[nH]c1=NS(=O)(=O)c1ccc2oc(=O)ccc2c1,Cc1ccc[nH]c1=NS(=O)(=O)c1ccc2oc(=O)ccc2c1,1,1,100.0,0.0,100.0
CC(C)CCN(C)C(=O)Nc1ccc(S(N)(=O)=O)cc1,CC(C)CCN(C)C(=O)Nc1ccc(S(N)(=O)=O)cc1,1,1,100.0,0.0,100.0
COc1ccc(CC(=O)Nc2ccc(Br)c(C)n2)cc1,COc1ccc(CC(=O)Nc2ccc(Br)c(C)n2)cc1,1,1,100.0,0.0,100.0
COCCN1CCN(C(=O)Nc2ccn(CCC(C)C)n2)CC1=O,COCCN1CCN(C(=O)Nc2ccn(CCC(C)C)n2)CC1=O,1,1,100.0,0.0,100.0
COc1ccccc1NC(=O)C1=C(C)Nc2ncnn2C1C(C)C,COc1ccccc1NC(=O)C1=C(C)Nc2ncnn2C1C(C)C,1,1,100.0,0.0,100.0
CCOC(=O)Nc1nc(C)c(C(=O)OCC)s1,CCOC(=O)Nc1nc(C)c(C(=O)OCC)s1,1,1,100.0,0.0,100.0
Cc1ccccc1OCC(=O)c1ccc(O)cc1O,Cc1ccccc1OCC(=O)c1ccc(O)cc1O,1,1,100.0,0.0,100.0
Cc1nc(-c2cccc(NC(=O)Cn3cnc4ccccc43)c2)cs1,Cc1nc(-c2cccc(NC(=O)Cn3cnc4ccccc43)c2)cs1,1,1,100.0,0.0,100.0
CCOc1ccccc1C(=O)NCc1nnc2ccccn12,CCOc1ccccc1C(=O)NCc1nnc2ccccn12,1,1,100.0,0.0,100.0
O=C(NC1CCCNC1=O)c1ccccc1OC(F)F,O=C(NC1CCCNC1=O)c1ccccc1OC(F)F,1,1,100.0,0.0,100.0
Cn1cccc1CN(Cc1cccs1)S(C)(=O)=O,Cn1cccc1CN(Cc1cccs1)S(C)(=O)=O,1,1,100.0,0.0,100.0
COCCNC(=O)CNS(=O)(=O)c1ccc(F)c(F)c1F,COCCNC(=O)CNS(=O)(=O)c1ccc(F)c(F)c1F,1,1,100.0,0.0,100.0
CC(C)C(=O)N1CCC(C(=O)N2CCC(O)C2)CC1,CC(C)C(=O)N1CCC(C(=O)N2CCC(O)C2)CC1,1,1,100.0,0.0,100.0
O=C(Nc1ccc(F)c(Cl)c1)c1ncccc1O,O=C(Nc1ccc(F)c(Cl)c1)c1ncccc1O,1,1,100.0,0.0,100.0
CCN(CCC#N)C(=O)CSc1nnc(-c2ccccc2C)n1C,CCN(CCC#N)C(=O)CSc1nnc(-c2ccccc2C)n1C,1,1,100.0,0.0,100.0
COc1cccc(Cc2cnc(NC(=O)CCC3CCCO3)s2)c1,COc1cccc(Cc2cnc(NC(=O)CCC3CCCO3)s2)c1,1,1,100.0,0.0,100.0
O=C(c1ccc(F)cc1)N1CCN(c2cnccn2)CC1,O=C(c1ccc(F)cc1)N1CCN(c2cnccn2)CC1,1,1,100.0,0.0,100.0
CC(Cn1cncn1)NC(=O)N1CCC(Nc2ccccc2)C1,CC(Cn1cncn1)NC(=O)N1CCC(Nc2ccccc2)C1,1,1,100.0,0.0,100.0
CCN1CCN(C(=O)CC(C#N)c2ccc(Cl)cc2)CC1,CCN1CCN(C(=O)CC(C#N)c2ccc(Cl)cc2)CC1,1,1,100.0,0.0,100.0
Cc1nc(CN2CCN(c3ccc4cc[nH]c4n3)CC2)cs1,Cc1nc(CN2CCN(c3ccc4cc[nH]c4n3)CC2)cs1,1,1,100.0,0.0,100.0
CC(=O)N1CCCN(C(=O)NCc2ccc(OC(C)C)nc2)CC1,CC(=O)N1CCCN(C(=O)NCc2ccc(OC(C)C)nc2)CC1,1,1,100.0,0.0,100.0
CCOC(=O)Nc1ccc(C(=O)Nc2ccncc2)cc1,CCOC(=O)Nc1ccc(C(=O)Nc2ccncc2)cc1,1,1,100.0,0.0,100.0
CCc1nnsc1C(=O)N1CCC(CNC(C)=O)CC1,CCc1nnsc1C(=O)N1CCC(CNC(C)=O)CC1,1,1,100.0,0.0,100.0
CCCn1nc(C(=O)N(CC)CC2CCOC2)c2ccccc2c1=O,CCCn1nc(C(=O)N(CC)CC2CCOC2)c2ccccc2c1=O,1,1,100.0,0.0,100.0
Cc1cc(NC(=O)NCc2cccnc2OC2CCCC2)n(C)n1,Cc1cc(NC(=O)NCc2cccnc2OC2CCCC2)n(C)n1,1,1,100.0,0.0,100.0
COc1ccc(CN(C)C(=O)C(C)NC(=O)c2ccccc2)cc1F,COc1ccc(CN(C)C(=O)C(C)NC(=O)c2ccccc2)cc1F,1,1,100.0,0.0,100.0
Cc1ccc(NC(=O)c2cc(N)cnc2C)c(Cl)c1,Cc1ccc(NC(=O)c2cc(N)cnc2C)c(Cl)c1,1,1,100.0,0.0,100.0
CCCN(CC(F)(F)F)C(=O)c1nc(N)ccc1Cl,CCCN(CC(F)(F)F)C(=O)c1nc(N)ccc1Cl,1,1,100.0,0.0,100.0
Cc1c(N)cccc1NC(=O)CCCn1cccn1,Cc1c(N)cccc1NC(=O)CCCn1cccn1,1,1,100.0,0.0,100.0
CN(CC(=O)Nc1ccc(F)c(F)c1F)C(=O)C1CCCCC1,CN(CC(=O)Nc1ccc(F)c(F)c1F)C(=O)C1CCCCC1,1,1,100.0,0.0,100.0
CCN(CC)S(=O)(=O)c1ccc(Br)c(OC)c1,CCN(CC)S(=O)(=O)c1ccc(Br)c(OC)c1,1,1,100.0,0.0,100.0
NC(=O)NCCCCC(=O)Oc1ccccc1Cl,NC(=O)NCCCCC(=O)Oc1ccccc1Cl,1,1,100.0,0.0,100.0
C=CCN(Cc1cccs1)C(=O)c1cc(Cl)c[nH]1,C=CCN(Cc1cccs1)C(=O)c1cc(Cl)c[nH]1,1,1,100.0,0.0,100.0
CC(C)n1nc(-c2cc3cc(O)ccc3[nH]2)c2c(N)ncnc21,CC(C)n1nc(-c2cc3cc(O)ccc3[nH]2)c2c(N)ncnc21,1,1,100.0,0.0,100.0
CCOCC(=O)Nc1cc(C(=O)NC)ccc1C,CCOCC(=O)Nc1cc(C(=O)NC)ccc1C,1,1,100.0,0.0,100.0
O=C(NCCNC(=O)c1cc2cccn2cn1)c1cccnc1,O=C(NCCNC(=O)c1cc2cccn2cn1)c1cccnc1,1,1,100.0,0.0,100.0
O=C(CN1CCN(C(=O)Nc2cccs2)CC1)c1cccs1,O=C(CN1CCN(C(=O)Nc2cccs2)CC1)c1cccs1,1,1,100.0,0.0,100.0
O=C(CC1Sc2ccc(Cl)cc2NC1=O)OCC(F)F,O=C(CC1Sc2ccc(Cl)cc2NC1=O)OCC(F)F,1,1,100.0,0.0,100.0
CC(=O)N1CCC(C(=O)OCC(=O)NC2CCCCC2)CC1,CC(=O)N1CCC(C(=O)OCC(=O)NC2CCCCC2)CC1,1,1,100.0,0.0,100.0
CC(Cn1cncn1)NC(=O)c1cn(C)nc1C(F)(F)F,CC(Cn1cncn1)NC(=O)c1cn(C)nc1C(F)(F)F,1,1,100.0,0.0,100.0
CCCn1nc(C(=O)N2CC(C)OC(C)C2)c2ccccc2c1=O,CCCn1nc(C(=O)N2CC(C)OC(C)C2)c2ccccc2c1=O,1,1,100.0,0.0,100.0
O=C(c1cccc(F)c1)N1CCN(CC=Cc2ccccc2)CC1,O=C(c1cccc(F)c1)N1CCN(CC=Cc2ccccc2)CC1,1,1,100.0,0.0,100.0
O=C1NCCCCC1Sc1nccn1-c1cccc(F)c1,O=C1NCCCCC1Sc1nccn1-c1cccc(F)c1,1,1,100.0,0.0,100.0
CC(C)S(=O)(=O)c1ccccc1NC(=O)NCc1ccncc1,CC(C)S(=O)(=O)c1ccccc1NC(=O)NCc1ccncc1,1,1,100.0,0.0,100.0
Cc1[nH]c2nc(-c3ccc(Cl)cc3)nn2c(=O)c1CCO,Cc1[nH]c2nc(-c3ccc(Cl)cc3)nn2c(=O)c1CCO,1,1,100.0,0.0,100.0
Cc1cc(C(C)NC(=O)NCC(C)CC(C)O)c(C)s1,Cc1cc(C(C)NC(=O)NCC(C)CC(C)O)c(C)s1,1,1,100.0,0.0,100.0
CCCNC(=O)CN(C)C(=O)c1ccc2cc(OC)ccc2c1,CCCNC(=O)CN(C)C(=O)c1ccc2cc(OC)ccc2c1,1,1,100.0,0.0,100.0
CCOC(=O)NCCC(=O)Nc1cccc(-c2nncn2C)c1,CCOC(=O)NCCC(=O)Nc1cccc(-c2nncn2C)c1,1,1,100.0,0.0,100.0
CCS(=O)(=O)N1CC2CC(C(=O)N3CCN(C)CC3)C(C1)O2,CCS(=O)(=O)N1CC2CC(C(=O)N3CCN(C)CC3)C(C1)O2,1,1,100.0,0.0,100.0
COc1ccc(-c2noc(CNc3cccc(C#N)c3)n2)cc1OC,COc1ccc(-c2noc(CNc3cccc(C#N)c3)n2)cc1OC,1,1,100.0,0.0,100.0
Cc1ccc(C)c(OCCC(=O)NCCc2ccccn2)c1,Cc1ccc(C)c(OCCC(=O)NCCc2ccccn2)c1,1,1,100.0,0.0,100.0
Nc1c(NCc2ccccc2)ncnc1Oc1ccc(F)cc1,Nc1c(NCc2ccccc2)ncnc1Oc1ccc(F)cc1,1,1,100.0,0.0,100.0
CCn1nc(C(=O)Nc2cc(Cl)ccc2Cl)cc1C,CCn1nc(C(=O)Nc2cc(Cl)ccc2Cl)cc1C,1,1,100.0,0.0,100.0
COc1cc(Nc2cc(C)nc3ncnn23)ccc1N1CCCC1=O,COc1cc(Nc2cc(C)nc3ncnn23)ccc1N1CCCC1=O,1,1,100.0,0.0,100.0
CCCCCC(C)NC(=O)Nc1ccccc1S(C)(=O)=O,CCCCCC(C)NC(=O)Nc1ccccc1S(C)(=O)=O,1,1,100.0,0.0,100.0
CCCC1CN(C(=O)C2(C)Cc3ccccc3C(=O)O2)CCO1,CCCC1CN(C(=O)C2(C)Cc3ccccc3C(=O)O2)CCO1,1,1,100.0,0.0,100.0
NC(=O)C1CN(Cc2c(Cl)cccc2N2CCCC2)CCO1,NC(=O)C1CN(Cc2c(Cl)cccc2N2CCCC2)CCO1,1,1,100.0,0.0,100.0
CC(C)Oc1cccc(C(=O)N2CCN(c3ccccc3F)CC2)c1,CC(C)Oc1cccc(C(=O)N2CCN(c3ccccc3F)CC2)c1,1,1,100.0,0.0,100.0
Nc1cc(Cl)c(S(=O)(=O)NCc2ccsc2)c(Cl)c1,Nc1cc(Cl)c(S(=O)(=O)NCc2ccsc2)c(Cl)c1,1,1,100.0,0.0,100.0
COc1ccc(C(=O)N2CCCC(C(=O)N3CCOCC3)C2)cn1,COc1ccc(C(=O)N2CCCC(C(=O)N3CCOCC3)C2)cn1,1,1,100.0,0.0,100.0
OC(COCc1cccs1)CN1CCc2ccc(Cl)cc2C1,OC(COCc1cccs1)CN1CCc2ccc(Cl)cc2C1,1,1,100.0,0.0,100.0
COCC1CN(C(=O)c2ccc(C)o2)Cc2nnn(C)c21,COCC1CN(C(=O)c2ccc(C)o2)Cc2nnn(C)c21,1,1,100.0,0.0,100.0
Cc1occc1C(=O)NCCC(=O)N1CCCc2ccccc21,Cc1occc1C(=O)NCCC(=O)N1CCCc2ccccc21,1,1,100.0,0.0,100.0
CC(O)(CNC(=O)Cc1cccc(F)c1)c1ccc(F)cc1,CC(O)(CNC(=O)Cc1cccc(F)c1)c1ccc(F)cc1,1,1,100.0,0.0,100.0
CCNC(=O)c1ccc2c(c1)CCN2C(=O)C(C)C,CCNC(=O)c1ccc2c(c1)CCN2C(=O)C(C)C,1,1,100.0,0.0,100.0
O=C(NCC1(c2ccc(F)cc2)CC1)c1cnc2ccccc2n1,O=C(NCC1(c2ccc(F)cc2)CC1)c1cnc2ccccc2n1,1,1,100.0,0.0,100.0
Cc1ccc(Cl)cc1N1CCN(C(=O)c2cc(C)n(C)n2)CC1,Cc1ccc(Cl)cc1N1CCN(C(=O)c2cc(C)n(C)n2)CC1,1,1,100.0,0.0,100.0
CCc1c(C(=O)NCC(C)(C)c2ccncc2)[nH]c(C)c1C(N)=O,CCc1c(C(=O)NCC(C)(C)c2ccncc2)[nH]c(C)c1C(N)=O,1,1,100.0,0.0,100.0
CCNC(=O)CNC(=O)CCCc1cc(F)ccc1F,CCNC(=O)CNC(=O)CCCc1cc(F)ccc1F,1,1,100.0,0.0,100.0
CCc1ccc(-c2[nH]ncc2C(=O)NCc2ccc(OC)cc2)cc1,CCc1ccc(-c2[nH]ncc2C(=O)NCc2ccc(OC)cc2)cc1,1,1,100.0,0.0,100.0
CCC(=O)Nc1cc(C(C)=O)ccc1OCc1ccccc1,CCC(=O)Nc1cc(C(C)=O)ccc1OCc1ccccc1,1,1,100.0,0.0,100.0
NC(=O)c1ccc(OCC(=O)c2ccc3c(c2)CCC(=O)N3)cc1,NC(=O)c1ccc(OCC(=O)c2ccc3c(c2)CCC(=O)N3)cc1,1,1,100.0,0.0,100.0
Cc1ccc(CNC(=O)NCC(=O)NC(C)(C)C)c(C)c1,Cc1ccc(CNC(=O)NCC(=O)NC(C)(C)C)c(C)c1,1,1,100.0,0.0,100.0
O=c1c2c([nH]c3c(-c4ccc(F)cc4)cnn13)CCCC2,O=c1c2c([nH]c3c(-c4ccc(F)cc4)cnn13)CCCC2,1,1,100.0,0.0,100.0
COCCOCC1CCN(C(=O)Nc2ccc(C(C)=O)c(C)c2)C1,COCCOCC1CCN(C(=O)Nc2ccc(C(C)=O)c(C)c2)C1,1,1,100.0,0.0,100.0
Cc1ccc(S(=O)(=O)Oc2ccc(S(C)(=O)=O)cc2)cc1F,Cc1ccc(S(=O)(=O)Oc2ccc(S(C)(=O)=O)cc2)cc1F,1,1,100.0,0.0,100.0
CN(Cc1ccccc1F)C(=O)CSc1ccccc1,CN(Cc1ccccc1F)C(=O)CSc1ccccc1,1,1,100.0,0.0,100.0
COCCCNC(=O)C1CC(=O)N(c2cccc(C)c2)C1,COCCCNC(=O)C1CC(=O)N(c2cccc(C)c2)C1,1,1,100.0,0.0,100.0
CC1CCCCC1NC(=O)c1cc2c([nH]c1=O)CC(C)(C)CC2=O,CC1CCCCC1NC(=O)c1cc2c([nH]c1=O)CC(C)(C)CC2=O,1,1,100.0,0.0,100.0
CC(=O)c1cnc(NCCc2nc(-c3ccccn3)no2)nc1C,CC(=O)c1cnc(NCCc2nc(-c3ccccn3)no2)nc1C,1,1,100.0,0.0,100.0
O=C(CC1CCN(C(=O)Nc2cccc(F)c2)CC1)N1CCCCC1,O=C(CC1CCN(C(=O)Nc2cccc(F)c2)CC1)N1CCCCC1,1,1,100.0,0.0,100.0
Cc1ccc(-c2cc(NC(=O)c3ccncc3)[nH]n2)cc1,Cc1ccc(-c2cc(NC(=O)c3ccncc3)[nH]n2)cc1,1,1,100.0,0.0,100.0
O=C(OCCNc1cccnn1)C1C2CCCCC21,O=C(OCCNc1cccnn1)C1C2CCCCC21,1,1,100.0,0.0,100.0
COc1cccc2c1OCC(NC(=O)c1ccnc(SC)c1)C2,COc1cccc2c1OCC(NC(=O)c1ccnc(SC)c1)C2,1,1,100.0,0.0,100.0
CC(C)CCN1C(=O)C(C(C)C)Oc2cccc(N)c21,CC(C)CCN1C(=O)C(C(C)C)Oc2cccc(N)c21,1,1,100.0,0.0,100.0
CCOc1ccc(CNC(=O)c2cnc(CC)nc2C)cc1,CCOc1ccc(CNC(=O)c2cnc(CC)nc2C)cc1,1,1,100.0,0.0,100.0
Cn1c(N2CCC(C(=O)NC3CCCCC3)CC2)cc(=O)n(C)c1=O,Cn1c(N2CCC(C(=O)NC3CCCCC3)CC2)cc(=O)n(C)c1=O,1,1,100.0,0.0,100.0
CC1(C)OC(=O)N(CCC(=O)Nc2ccc(F)cc2)C1(C)O,CC1(C)OC(=O)N(CCC(=O)Nc2ccc(F)cc2)C1(C)O,1,1,100.0,0.0,100.0
O=C(CCC1NC(=O)c2ccccc2NC1=O)Nc1nccs1,O=C(CCC1NC(=O)c2ccccc2NC1=O)Nc1nccs1,1,1,100.0,0.0,100.0
Cc1nc(CCC(=O)N(C)Cc2csc(-c3ccccc3)n2)n[nH]1,Cc1nc(CCC(=O)N(C)Cc2csc(-c3ccccc3)n2)n[nH]1,1,1,100.0,0.0,100.0
c1ccc(-n2nnnc2NCCc2ccc3c(c2)OCO3)cc1,c1ccc(-n2nnnc2NCCc2ccc3c(c2)OCO3)cc1,1,1,100.0,0.0,100.0
OCc1nnn(-c2ccccc2F)c1-c1cccc(Cl)c1,OCc1nnn(-c2ccccc2F)c1-c1cccc(Cl)c1,1,1,100.0,0.0,100.0
Cc1noc(CCC(=O)N(C)C(C)c2ccccc2Cl)n1,Cc1noc(CCC(=O)N(C)C(C)c2ccccc2Cl)n1,1,1,100.0,0.0,100.0
COc1ccnc(N2CCC(Cn3cc(CC(C)O)nn3)CC2)n1,COc1ccnc(N2CCC(Cn3cc(CC(C)O)nn3)CC2)n1,1,1,100.0,0.0,100.0
Cn1cnnc1CCn1ccnc1-c1ccc(C#CCO)s1,Cn1cnnc1CCn1ccnc1-c1ccc(C#CCO)s1,1,1,100.0,0.0,100.0
O=C1CC(c2ccccc2)C2(CCN(C(=O)c3cccs3)CC2)N1,O=C1CC(c2ccccc2)C2(CCN(C(=O)c3cccs3)CC2)N1,1,1,100.0,0.0,100.0
O=C(C1CCC1)N1CCC2CNS(=O)(=O)C2CC1,O=C(C1CCC1)N1CCC2CNS(=O)(=O)C2CC1,1,1,100.0,0.0,100.0
Cc1cc(C(=O)NCc2c(C)nc3cc(=O)[nH]n3c2C)on1,Cc1cc(C(=O)NCc2c(C)nc3cc(=O)[nH]n3c2C)on1,1,1,100.0,0.0,100.0
Cc1cc(NC(=O)c2nc(C(C)C)oc2C)ccc1F,Cc1cc(NC(=O)c2nc(C(C)C)oc2C)ccc1F,1,1,100.0,0.0,100.0
C=CCn1c(C)nnc1SCc1cc(=O)n2cc(Cl)ccc2n1,C=CCn1c(C)nnc1SCc1cc(=O)n2cc(Cl)ccc2n1,1,1,100.0,0.0,100.0
COc1cccc(CC(=O)Nc2ccc(-c3noc(C)n3)cc2)c1,COc1cccc(CC(=O)Nc2ccc(-c3noc(C)n3)cc2)c1,1,1,100.0,0.0,100.0
Cc1cc(C)c(NC(=O)Nc2ccc3c(c2)CC(=O)N3)c(C)c1,Cc1cc(C)c(NC(=O)Nc2ccc3c(c2)CC(=O)N3)c(C)c1,1,1,100.0,0.0,100.0
CCOC(=O)C(C)(C)C(C(C)C)N1CCOCC1,CCOC(=O)C(C)(C)C(C(C)C)N1CCOCC1,1,1,100.0,0.0,100.0
CC(=O)NC(C(C)C)C1NCCc2c(C)ccc(F)c21,CC(=O)NC(C(C)C)C1NCCc2c(C)ccc(F)c21,1,1,100.0,0.0,100.0
CC(NC(N)=O)C(=O)NC1CCCc2[nH]c(=O)ccc21,CC(NC(N)=O)C(=O)NC1CCCc2[nH]c(=O)ccc21,1,1,100.0,0.0,100.0
CCCc1cncnc1N1CCC(O)(C2CCOCC2)C(C)C1,CCCc1cncnc1N1CCC(O)(C2CCOCC2)C(C)C1,1,1,100.0,0.0,100.0
COc1ccc(CNC(=O)NC(C)c2ccc3ccccc3c2)cn1,COc1ccc(CNC(=O)NC(C)c2ccc3ccccc3c2)cn1,1,1,100.0,0.0,100.0
O=C(CCc1cn2cccnc2n1)NCc1cccs1,O=C(CCc1cn2cccnc2n1)NCc1cccs1,1,1,100.0,0.0,100.0
CN(C)c1ncc2c(n1)CN(C(=O)Cc1ccccc1Cl)CC2,CN(C)c1ncc2c(n1)CN(C(=O)Cc1ccccc1Cl)CC2,1,1,100.0,0.0,100.0
O=C(Nc1cc(F)cc(F)c1)c1scnc1C1CC1,O=C(Nc1cc(F)cc(F)c1)c1scnc1C1CC1,1,1,100.0,0.0,100.0
COCC(=O)N1CCCN(C(=O)COc2ccccc2Cl)CC1,COCC(=O)N1CCCN(C(=O)COc2ccccc2Cl)CC1,1,1,100.0,0.0,100.0
CC(C)Cn1cnc2ccc(NC(=O)c3ccccn3)cc2c1=O,CC(C)Cn1cnc2ccc(NC(=O)c3ccccn3)cc2c1=O,1,1,100.0,0.0,100.0
CCC(C)NC(=O)NC1CCC(C(=O)NC)CC1,CCC(C)NC(=O)NC1CCC(C(=O)NC)CC1,1,1,100.0,0.0,100.0
COc1ccc(C(=O)Nc2ccccc2)cc1NC(C)=O,COc1ccc(C(=O)Nc2ccccc2)cc1NC(C)=O,1,1,100.0,0.0,100.0
O=c1nc(Nc2cccc(C(F)(F)F)c2)cn[nH]1,O=c1nc(Nc2cccc(C(F)(F)F)c2)cn[nH]1,1,1,100.0,0.0,100.0
CCC(C)C(=O)Nc1ncc2c(n1)CC(c1cccs1)CC2=O,CCC(C)C(=O)Nc1ncc2c(n1)CC(c1cccs1)CC2=O,1,1,100.0,0.0,100.0
CCOC(=O)c1cnc2nc(-c3ccccc3)nn2c1C(F)(F)F,CCOC(=O)c1cnc2nc(-c3ccccc3)nn2c1C(F)(F)F,1,1,100.0,0.0,100.0
CC(=O)NCCNS(=O)(=O)c1cc(Br)cnc1N,CC(=O)NCCNS(=O)(=O)c1cc(Br)cnc1N,1,1,100.0,0.0,100.0
COc1ccc(S(=O)(=O)NC2CCCCC2O)cc1,COc1ccc(S(=O)(=O)NC2CCCCC2O)cc1,1,1,100.0,0.0,100.0
CCC(C)NC(=O)Nc1cccc(-c2noc(-c3ccccn3)n2)c1,CCC(C)NC(=O)Nc1cccc(-c2noc(-c3ccccn3)n2)c1,1,1,100.0,0.0,100.0
NC(=O)COc1ccc(NC(=O)c2cccc(-n3cccc3)c2)cc1,NC(=O)COc1ccc(NC(=O)c2cccc(-n3cccc3)c2)cc1,1,1,100.0,0.0,100.0
COc1ccccc1-n1nnc(C(=O)N(C)c2ccccc2)c1C,COc1ccccc1-n1nnc(C(=O)N(C)c2ccccc2)c1C,1,1,100.0,0.0,100.0
Cc1ccc(-c2ncco2)cc1NC(=O)c1cnc2onc(C)c2c1,Cc1ccc(-c2ncco2)cc1NC(=O)c1cnc2onc(C)c2c1,1,1,100.0,0.0,100.0
CCC1COCCN1C(=O)NC1CCCN(Cc2ccccc2)C1=O,CCC1COCCN1C(=O)NC1CCCN(Cc2ccccc2)C1=O,1,1,100.0,0.0,100.0
CC1(C)C(NC(=O)c2cc3c([nH]c2=O)CCCC3)C2CCOC21,CC1(C)C(NC(=O)c2cc3c([nH]c2=O)CCCC3)C2CCOC21,1,1,100.0,0.0,100.0
COc1cccc(CNC(=O)Nc2ccc(F)cc2)c1,COc1cccc(CNC(=O)Nc2ccc(F)cc2)c1,1,1,100.0,0.0,100.0
COc1cc2c(cc1O)C(c1c(F)cccc1F)NCC2,COc1cc2c(cc1O)C(c1c(F)cccc1F)NCC2,1,1,100.0,0.0,100.0
CC(NS(=O)(=O)c1cccc(N)c1)C1CCCO1,CC(NS(=O)(=O)c1cccc(N)c1)C1CCCO1,1,1,100.0,0.0,100.0
CC(=O)Nc1cc(F)c(F)cc1NCc1cc(F)ccc1C#N,CC(=O)Nc1cc(F)c(F)cc1NCc1cc(F)ccc1C#N,1,1,100.0,0.0,100.0
Cc1ccc(C(=O)OC(C)C(=O)NC2CCCc3ccccc32)o1,Cc1ccc(C(=O)OC(C)C(=O)NC2CCCc3ccccc32)o1,1,1,100.0,0.0,100.0
CCc1ccccc1NC(=O)c1cc(S(C)(=O)=O)ccc1Cl,CCc1ccccc1NC(=O)c1cc(S(C)(=O)=O)ccc1Cl,1,1,100.0,0.0,100.0
CCCCn1nnc(CO)c1-c1ccc(C(F)(F)F)cc1,CCCCn1nnc(CO)c1-c1ccc(C(F)(F)F)cc1,1,1,100.0,0.0,100.0
N#Cc1nc2ccc(F)c(F)c2n1Cc1cccc(N)c1,N#Cc1nc2ccc(F)c(F)c2n1Cc1cccc(N)c1,1,1,100.0,0.0,100.0
CN(C)c1cccc(C(=O)Nc2ccc3[nH]c(=O)[nH]c3c2)c1,CN(C)c1cccc(C(=O)Nc2ccc3[nH]c(=O)[nH]c3c2)c1,1,1,100.0,0.0,100.0
Cc1ccc(C(=O)NCCNC(=O)c2ccc(F)cc2)c(=O)[nH]1,Cc1ccc(C(=O)NCCNC(=O)c2ccc(F)cc2)c(=O)[nH]1,1,1,100.0,0.0,100.0
CCc1ccc2c(c1)S(=O)(=O)N=C(NCc1ccco1)N2,CCc1ccc2c(c1)S(=O)(=O)N=C(NCc1ccco1)N2,1,1,100.0,0.0,100.0
O=C1CC(C(=O)Oc2c(Cl)cccc2Cl)c2ccccc2N1,O=C1CC(C(=O)Oc2c(Cl)cccc2Cl)c2ccccc2N1,1,1,100.0,0.0,100.0
Cc1cc(C(=O)NCCN2CCNC2=O)c(=O)[nH]c1C,Cc1cc(C(=O)NCCN2CCNC2=O)c(=O)[nH]c1C,1,1,100.0,0.0,100.0
O=C1CN(C(=O)COc2ccc3oc4c(c3c2)CCCC4)CCN1,O=C1CN(C(=O)COc2ccc3oc4c(c3c2)CCCC4)CCN1,1,1,100.0,0.0,100.0
CCc1sc(NC(=O)CN2CCOCC2)nc1-c1ccccc1,CCc1sc(NC(=O)CN2CCOCC2)nc1-c1ccccc1,1,1,100.0,0.0,100.0
CCc1nc2c(NC(=O)NC(C)C(=O)OC)cccn2n1,CCc1nc2c(NC(=O)NC(C)C(=O)OC)cccn2n1,1,1,100.0,0.0,100.0
COC1CCN(S(=O)(=O)c2cc(Cl)ccc2Cl)CC1,COC1CCN(S(=O)(=O)c2cc(Cl)ccc2Cl)CC1,1,1,100.0,0.0,100.0
CCNC(=O)c1ccc(OCc2cn3cc(C)ccc3n2)cc1,CCNC(=O)c1ccc(OCc2cn3cc(C)ccc3n2)cc1,1,1,100.0,0.0,100.0
CC(=O)c1cc(CCC(=O)Nc2ccc(F)cc2Cl)oc1C,CC(=O)c1cc(CCC(=O)Nc2ccc(F)cc2Cl)oc1C,1,1,100.0,0.0,100.0
O=C(NCCc1ccccn1)c1ccc2cnsc2c1,O=C(NCCc1ccccn1)c1ccc2cnsc2c1,1,1,100.0,0.0,100.0
Cc1noc2nc(-c3ccco3)cc(C(=O)OCC(F)(F)F)c12,Cc1noc2nc(-c3ccco3)cc(C(=O)OCC(F)(F)F)c12,1,1,100.0,0.0,100.0
COc1c(Br)cccc1CCNC(=O)c1cccn1C,COc1c(Br)cccc1CCNC(=O)c1cccn1C,1,1,100.0,0.0,100.0
Cc1cccc(C2CCc3nc(C(=O)NCc4ccncc4)cn3C2)c1,Cc1cccc(C2CCc3nc(C(=O)NCc4ccncc4)cn3C2)c1,1,1,100.0,0.0,100.0
CC(=O)c1c[nH]c(C(=O)NCC(O)c2c(Cl)cccc2Cl)c1,CC(=O)c1c[nH]c(C(=O)NCC(O)c2c(Cl)cccc2Cl)c1,1,1,100.0,0.0,100.0
Cc1cc(C(=O)NCc2ccc(Cl)cc2)n(-c2ccccc2)n1,Cc1cc(C(=O)NCc2ccc(Cl)cc2)n(-c2ccccc2)n1,1,1,100.0,0.0,100.0
CC(NC(=O)COc1ccccc1F)c1nc2ccccc2[nH]1,CC(NC(=O)COc1ccccc1F)c1nc2ccccc2[nH]1,1,1,100.0,0.0,100.0
CCn1cc(S(=O)(=O)NC(C)c2cccc(-n3cccn3)c2)cn1,CCn1cc(S(=O)(=O)NC(C)c2cccc(-n3cccn3)c2)cn1,1,1,100.0,0.0,100.0
CC(NC(=O)N1CCOCC1)c1ccc(-n2ccnc2)cc1,CC(NC(=O)N1CCOCC1)c1ccc(-n2ccnc2)cc1,1,1,100.0,0.0,100.0
CCc1cccc(CC)c1NC(=O)c1csc(COC)n1,CCc1cccc(CC)c1NC(=O)c1csc(COC)n1,1,1,100.0,0.0,100.0
CCCOC(=O)C(CC)Oc1ccc(N)cc1F,CCCOC(=O)C(CC)Oc1ccc(N)cc1F,1,1,100.0,0.0,100.0
N#Cc1cccnc1NCc1ccc(S(N)(=O)=O)s1,N#Cc1cccnc1NCc1ccc(S(N)(=O)=O)s1,1,1,100.0,0.0,100.0
CCN(CC)C(=O)Cn1c(C2CCCO2)nc2ccccc21,CCN(CC)C(=O)Cn1c(C2CCCO2)nc2ccccc21,1,1,100.0,0.0,100.0
Cn1cc(-c2ncnc3c2CCN(Cc2ccco2)CC3)cn1,Cn1cc(-c2ncnc3c2CCN(Cc2ccco2)CC3)cn1,1,1,100.0,0.0,100.0
Cc1nnc(-c2cccc(NC(=O)c3c[nH]c4cccc(F)c34)c2)o1,Cc1nnc(-c2cccc(NC(=O)c3c[nH]c4cccc(F)c34)c2)o1,1,1,100.0,0.0,100.0
CNC(=O)c1cc(Cl)ccc1NC(=O)c1ccc(OC)c(OC)c1,CNC(=O)c1cc(Cl)ccc1NC(=O)c1ccc(OC)c(OC)c1,1,1,100.0,0.0,100.0
Cn1c(-c2ccccc2Cl)nc2cc(C(=O)NCC3CC3)cnc21,Cn1c(-c2ccccc2Cl)nc2cc(C(=O)NCC3CC3)cnc21,1,1,100.0,0.0,100.0
O=C(c1ccc2ccccc2c1)N1CCc2nocc2C1,O=C(c1ccc2ccccc2c1)N1CCc2nocc2C1,1,1,100.0,0.0,100.0
CC(C)CN(C)C(=O)C(C)NC(=O)c1ccco1,CC(C)CN(C)C(=O)C(C)NC(=O)c1ccco1,1,1,100.0,0.0,100.0
Cc1nc(S(=O)(=O)N2c3ccccc3N(C)CCC2C)cn1C,Cc1nc(S(=O)(=O)N2c3ccccc3N(C)CCC2C)cn1C,1,1,100.0,0.0,100.0
N#Cc1cccc(Cn2cnc3cc(Br)cnc32)c1,N#Cc1cccc(Cn2cnc3cc(Br)cnc32)c1,1,1,100.0,0.0,100.0
Cc1csc(N(C(=O)C2COc3ccc(F)cc3C2)C2CC2)n1,Cc1csc(N(C(=O)C2COc3ccc(F)cc3C2)C2CC2)n1,1,1,100.0,0.0,100.0
Cc1ccccc1-c1nc2ccc(NC(=O)c3cccc(=O)[nH]3)cc2o1,Cc1ccccc1-c1nc2ccc(NC(=O)c3cccc(=O)[nH]3)cc2o1,1,1,100.0,0.0,100.0
Cc1nc(C(=O)N2CCC(c3nc4c(C)cccc4[nH]3)CC2)cs1,Cc1nc(C(=O)N2CCC(c3nc4c(C)cccc4[nH]3)CC2)cs1,1,1,100.0,0.0,100.0
COc1cc(C)cc(C(=O)N(C)CCOCC2CC2)c1O,COc1cc(C)cc(C(=O)N(C)CCOCC2CC2)c1O,1,1,100.0,0.0,100.0
O=C(Nc1ccccc1F)N1CCCC1c1nc2ccccc2[nH]1,O=C(Nc1ccccc1F)N1CCCC1c1nc2ccccc2[nH]1,1,1,100.0,0.0,100.0
Cc1cccc(CNC(=O)c2ccc(N)cc2Cl)c1,Cc1cccc(CNC(=O)c2ccc(N)cc2Cl)c1,1,1,100.0,0.0,100.0
NC(=O)c1cc(C(=O)Nc2cccc3[nH]ccc23)nn1-c1ccccc1,NC(=O)c1cc(C(=O)Nc2cccc3[nH]ccc23)nn1-c1ccccc1,1,1,100.0,0.0,100.0
Cc1cccnc1CN1CCCC(c2nncn2C2CC2)C1,Cc1cccnc1CN1CCCC(c2nncn2C2CC2)C1,1,1,100.0,0.0,100.0
CC(C)COc1ccc(C(=O)N(C)C)cc1Br,CC(C)COc1ccc(C(=O)N(C)C)cc1Br,1,1,100.0,0.0,100.0
CNS(=O)(=O)c1ccc(C(=O)NCc2ccc3c(c2)OCO3)o1,CNS(=O)(=O)c1ccc(C(=O)NCc2ccc3c(c2)OCO3)o1,1,1,100.0,0.0,100.0
CN(C)C(=O)c1ccc(NC(=O)C23CC4CC(CC(C4)C2)C3)cc1,CN(C)C(=O)c1ccc(NC(=O)C23CC4CC(CC(C4)C2)C3)cc1,1,1,100.0,0.0,100.0
Cn1ccnc1SCC(=O)N(CCC#N)Cc1ccco1,Cn1ccnc1SCC(=O)N(CCC#N)Cc1ccco1,1,1,100.0,0.0,100.0
Cn1nc(C(C)(C)C)cc1C(=O)NCc1nc2ccccc2[nH]1,Cn1nc(C(C)(C)C)cc1C(=O)NCc1nc2ccccc2[nH]1,1,1,100.0,0.0,100.0
CCn1c(C)cc(C(=O)NCC2(c3ccccc3)CCOCC2)c1C,CCn1c(C)cc(C(=O)NCC2(c3ccccc3)CCOCC2)c1C,1,1,100.0,0.0,100.0
Cc1ccc2c(NC(=O)Cn3c(=O)oc4ccccc43)cccc2n1,Cc1ccc2c(NC(=O)Cn3c(=O)oc4ccccc43)cccc2n1,1,1,100.0,0.0,100.0
Cc1ccc(NC(=O)NCc2nnc(C(C)(C)C)s2)c(C)c1,Cc1ccc(NC(=O)NCc2nnc(C(C)(C)C)s2)c(C)c1,1,1,100.0,0.0,100.0
CC1CCCCC1NC(=O)CS(=O)(=O)c1ncccc1Cl,CC1CCCCC1NC(=O)CS(=O)(=O)c1ncccc1Cl,1,1,100.0,0.0,100.0
Cc1ccc(S(=O)(=O)N=c2[nH]cccc2C)cc1F,Cc1ccc(S(=O)(=O)N=c2[nH]cccc2C)cc1F,1,1,100.0,0.0,100.0
COc1ccccc1N1CCN(C(=O)NCc2cc[nH]n2)CC1,COc1ccccc1N1CCN(C(=O)NCc2cc[nH]n2)CC1,1,1,100.0,0.0,100.0
CS(=O)(=O)NCCC(=O)NC1CCCc2ccccc21,CS(=O)(=O)NCCC(=O)NC1CCCc2ccccc21,1,1,100.0,0.0,100.0
Nc1cc(NC(=O)CCN2CCOC2=O)ccc1F,Nc1cc(NC(=O)CCN2CCOC2=O)ccc1F,1,1,100.0,0.0,100.0
COc1nc(C)c(-c2ccc(O)cc2)c(C)c1C#N,COc1nc(C)c(-c2ccc(O)cc2)c(C)c1C#N,1,1,100.0,0.0,100.0
COC(=O)C1CCN(C(=O)CS(=O)(=O)c2ccccc2)CC1,COC(=O)C1CCN(C(=O)CS(=O)(=O)c2ccccc2)CC1,1,1,100.0,0.0,100.0
CCCOc1ccc(C(C)NC(=O)c2ccc(C)nc2)cc1OC,CCCOc1ccc(C(C)NC(=O)c2ccc(C)nc2)cc1OC,1,1,100.0,0.0,100.0
CC(C(N)=O)n1ccnc1-c1cc(Cl)cc(Cl)c1,CC(C(N)=O)n1ccnc1-c1cc(Cl)cc(Cl)c1,1,1,100.0,0.0,100.0
Cc1ccc(C)c(OCCCSc2nnc(C)c(=O)n2N)c1,Cc1ccc(C)c(OCCCSc2nnc(C)c(=O)n2N)c1,1,1,100.0,0.0,100.0
Cc1nnc(-c2cc(NC(=O)Cc3ccccc3Cl)c(C)s2)o1,Cc1nnc(-c2cc(NC(=O)Cc3ccccc3Cl)c(C)s2)o1,1,1,100.0,0.0,100.0
COCCNC1=NS(=O)(=O)c2cc(C)ccc2N1,COCCNC1=NS(=O)(=O)c2cc(C)ccc2N1,1,1,100.0,0.0,100.0
CCn1cc(C#N)c(=O)n(CC(=O)NCc2cc(F)cc(F)c2)c1=O,CCn1cc(C#N)c(=O)n(CC(=O)NCc2cc(F)cc(F)c2)c1=O,1,1,100.0,0.0,100.0
CCC(C)CN1CCN(C(=O)c2ccc(C)s2)CC1,CCC(C)CN1CCN(C(=O)c2ccc(C)s2)CC1,1,1,100.0,0.0,100.0
Cc1cc(CNC(=O)C2CCCN(C(=O)NC3CCCC3)C2)no1,Cc1cc(CNC(=O)C2CCCN(C(=O)NC3CCCC3)C2)no1,1,1,100.0,0.0,100.0
CC1CCN(C(=O)Cn2cnc(C3CCC3)cc2=O)CC1,CC1CCN(C(=O)Cn2cnc(C3CCC3)cc2=O)CC1,1,1,100.0,0.0,100.0
CCC(C)n1nccc1NC(=O)c1ccc(SC)cc1,CCC(C)n1nccc1NC(=O)c1ccc(SC)cc1,1,1,100.0,0.0,100.0
COc1cc(C)ccc1OC(=O)CCc1ccc(C#N)cc1,COc1cc(C)ccc1OC(=O)CCc1ccc(C#N)cc1,1,1,100.0,0.0,100.0
CC1Cc2ccccc2N1C(=O)c1cc(-c2ccco2)on1,CC1Cc2ccccc2N1C(=O)c1cc(-c2ccco2)on1,1,1,100.0,0.0,100.0
Cc1nc2c(Br)c(C)sc2c(=O)[nH]1,Cc1nc2c(Br)c(C)sc2c(=O)[nH]1,1,1,100.0,0.0,100.0
CCC(C(=O)N1CCCC1)N(c1cccc(OC)c1)S(C)(=O)=O,CCC(C(=O)N1CCCC1)N(c1cccc(OC)c1)S(C)(=O)=O,1,1,100.0,0.0,100.0
CC(=O)Nc1cc(C(=O)Nc2cc(Cl)cc(Cl)c2)ccc1F,CC(=O)Nc1cc(C(=O)Nc2cc(Cl)cc(Cl)c2)ccc1F,1,1,100.0,0.0,100.0
COc1ccccc1CNC(=O)Nc1ccc(C)c(C(N)=O)c1,COc1ccccc1CNC(=O)Nc1ccc(C)c(C(N)=O)c1,1,1,100.0,0.0,100.0
COc1ncnc2c1CN(CC1=Cc3cc(Cl)ccc3OC1)CC2,COc1ncnc2c1CN(CC1=Cc3cc(Cl)ccc3OC1)CC2,1,1,100.0,0.0,100.0
Cc1cc(C(=O)N2CCC(CC(N)=O)CC2)c2cnn(C(C)C)c2n1,Cc1cc(C(=O)N2CCC(CC(N)=O)CC2)c2cnn(C(C)C)c2n1,1,1,100.0,0.0,100.0
N#Cc1ccc(-c2noc(C3CCC(C(N)=O)CC3)n2)nc1,N#Cc1ccc(-c2noc(C3CCC(C(N)=O)CC3)n2)nc1,1,1,100.0,0.0,100.0
Cc1cccc(C)c1NC(=O)CNC(=O)c1n[nH]c2ccccc12,Cc1cccc(C)c1NC(=O)CNC(=O)c1n[nH]c2ccccc12,1,1,100.0,0.0,100.0
CC(C)c1csc(-c2nccn2-c2ccc(S(N)(=O)=O)cc2)n1,CC(C)c1csc(-c2nccn2-c2ccc(S(N)(=O)=O)cc2)n1,1,1,100.0,0.0,100.0
CN1c2ccccc2C(=O)NC1c1csc(C2CC2)n1,CN1c2ccccc2C(=O)NC1c1csc(C2CC2)n1,1,1,100.0,0.0,100.0
Cc1ccc(NC(=O)NCc2cnc(C)s2)c(Cl)c1,Cc1ccc(NC(=O)NCc2cnc(C)s2)c(Cl)c1,1,1,100.0,0.0,100.0
O=C(c1cnoc1)N1CC2COCC2(COCc2cccnc2)C1,O=C(c1cnoc1)N1CC2COCC2(COCc2cccnc2)C1,1,1,100.0,0.0,100.0
O=C(NCc1ccc2c(c1)OCO2)NCc1cc(F)ccc1F,O=C(NCc1ccc2c(c1)OCO2)NCc1cc(F)ccc1F,1,1,100.0,0.0,100.0
Nc1cc(N)nc(SCc2sccc2Br)n1,Nc1cc(N)nc(SCc2sccc2Br)n1,1,1,100.0,0.0,100.0
CCOc1ncc(C(=O)NCc2cc(C(C)C)no2)cc1Cl,CCOc1ncc(C(=O)NCc2cc(C(C)C)no2)cc1Cl,1,1,100.0,0.0,100.0
CS(=O)(=O)N1CCCC1C(=O)Nc1ccc(F)cc1,CS(=O)(=O)N1CCCC1C(=O)Nc1ccc(F)cc1,1,1,100.0,0.0,100.0
CN1C(=O)C2(CCN(C(=O)NC3CCCC3)C2)c2ccccc21,CN1C(=O)C2(CCN(C(=O)NC3CCCC3)C2)c2ccccc21,1,1,100.0,0.0,100.0
Cc1oc(C)c(S(N)(=O)=O)c1C(=O)NCCC(C)(C)C,Cc1oc(C)c(S(N)(=O)=O)c1C(=O)NCCC(C)(C)C,1,1,100.0,0.0,100.0
CCn1cc2c3c(cccc31)CN(C(=O)C(C)C)CC2,CCn1cc2c3c(cccc31)CN(C(=O)C(C)C)CC2,1,1,100.0,0.0,100.0
O=C(Nc1cccc(COCC(F)(F)C(F)F)c1)c1ccc[nH]1,O=C(Nc1cccc(COCC(F)(F)C(F)F)c1)c1ccc[nH]1,1,1,100.0,0.0,100.0
CC(=O)c1ccc(NC(=O)CSc2nc(C)cc(C)n2)cc1,CC(=O)c1ccc(NC(=O)CSc2nc(C)cc(C)n2)cc1,1,1,100.0,0.0,100.0
COC(=O)c1nc(-c2ccccc2Cl)[nH]c1C,COC(=O)c1nc(-c2ccccc2Cl)[nH]c1C,1,1,100.0,0.0,100.0
O=C(COc1ccccc1)Nc1ccccc1CO,O=C(COc1ccccc1)Nc1ccccc1CO,1,1,100.0,0.0,100.0
Cc1cnc(CNC(=O)c2ccc(C)c(N3CCNC3=O)c2)cn1,Cc1cnc(CNC(=O)c2ccc(C)c(N3CCNC3=O)c2)cn1,1,1,100.0,0.0,100.0
Cc1nc(C)n(CCC(=O)NC(C)c2cccnc2)n1,Cc1nc(C)n(CCC(=O)NC(C)c2cccnc2)n1,1,1,100.0,0.0,100.0
COc1ncccc1CNC(=O)C1COc2ccc(F)cc2C1,COc1ncccc1CNC(=O)C1COc2ccc(F)cc2C1,1,1,100.0,0.0,100.0
COc1cccc(COC(=O)Cn2cccc(C(F)(F)F)c2=O)c1,COc1cccc(COC(=O)Cn2cccc(C(F)(F)F)c2=O)c1,1,1,100.0,0.0,100.0
COc1ccc2c(c1O)CCNC2c1cc(F)ccc1F,COc1ccc2c(c1O)CCNC2c1cc(F)ccc1F,1,1,100.0,0.0,100.0
CCOc1ccccc1NS(=O)(=O)c1ccc(F)c(F)c1,CCOc1ccccc1NS(=O)(=O)c1ccc(F)c(F)c1,1,1,100.0,0.0,100.0
COc1cnc(C(=O)Nc2cccc3[nH]ccc23)cc1O,COc1cnc(C(=O)Nc2cccc3[nH]ccc23)cc1O,1,1,100.0,0.0,100.0
Cc1ccc(CN2CCN(C(=O)c3csc(C)c3C)CC2)cc1,Cc1ccc(CN2CCN(C(=O)c3csc(C)c3C)CC2)cc1,1,1,100.0,0.0,100.0
CCc1nc(Cn2nc(C)c(C)c(C#N)c2=O)no1,CCc1nc(Cn2nc(C)c(C)c(C#N)c2=O)no1,1,1,100.0,0.0,100.0
O=C(Nc1ccccc1)C1CCCN1C(=O)c1ccncc1,O=C(Nc1ccccc1)C1CCCN1C(=O)c1ccncc1,1,1,100.0,0.0,100.0
CC(C(=O)Nc1cnc(-c2cccnc2)nc1)c1ccccc1,CC(C(=O)Nc1cnc(-c2cccnc2)nc1)c1ccccc1,1,1,100.0,0.0,100.0
O=C(NCCOc1cccc(Cl)c1Cl)Nc1nncs1,O=C(NCCOc1cccc(Cl)c1Cl)Nc1nncs1,1,1,100.0,0.0,100.0
Cc1ccc(F)c(NC(=O)CSc2nnc(C)s2)c1,Cc1ccc(F)c(NC(=O)CSc2nnc(C)s2)c1,1,1,100.0,0.0,100.0
O=C1COc2ccccc2N1CCc1nc(-c2cccnc2)n[nH]1,O=C1COc2ccccc2N1CCc1nc(-c2cccnc2)n[nH]1,1,1,100.0,0.0,100.0
CCc1ccc(CN(C(=O)NCCNC(C)=O)C2CC2)cc1,CCc1ccc(CN(C(=O)NCCNC(C)=O)C2CC2)cc1,1,1,100.0,0.0,100.0
CCC(C)n1nccc1NC(=O)Cn1cnc2c(cnn2C)c1=O,CCC(C)n1nccc1NC(=O)Cn1cnc2c(cnn2C)c1=O,1,1,100.0,0.0,100.0
N#Cc1ccc(CCC(=O)N2CCc3ncncc3C2)cc1,N#Cc1ccc(CCC(=O)N2CCc3ncncc3C2)cc1,1,1,100.0,0.0,100.0
NC(=O)c1ccc(NC(=O)NC2CCCC2)cc1Cl,NC(=O)c1ccc(NC(=O)NC2CCCC2)cc1Cl,1,1,100.0,0.0,100.0
COc1cc(OC)c(NC(=O)c2ccc3c(c2)[nH]c(=O)n3C)cc1F,COc1cc(OC)c(NC(=O)c2ccc3c(c2)[nH]c(=O)n3C)cc1F,1,1,100.0,0.0,100.0
Cc1occc1C(=O)N1CCN(c2ccc(Cl)c(Cl)c2)CC1,Cc1occc1C(=O)N1CCN(c2ccc(Cl)c(Cl)c2)CC1,1,1,100.0,0.0,100.0
CSc1nc(C)c(CCC(=O)Oc2ccc3cn[nH]c3c2)c(=O)[nH]1,CSc1nc(C)c(CCC(=O)Oc2ccc3cn[nH]c3c2)c(=O)[nH]1,1,1,100.0,0.0,100.0
OC(C#CCn1nnc2ccccc21)c1ccco1,OC(C#CCn1nnc2ccccc21)c1ccco1,1,1,100.0,0.0,100.0
CC1Oc2ccc(NC(=O)c3cc(F)cc4[nH]cnc34)cc2NC1=O,CC1Oc2ccc(NC(=O)c3cc(F)cc4[nH]cnc34)cc2NC1=O,1,1,100.0,0.0,100.0
CNC(=O)C1CCCN1C(=O)Nc1ccc(C(F)(F)F)cc1Cl,CNC(=O)C1CCCN1C(=O)Nc1ccc(C(F)(F)F)cc1Cl,1,1,100.0,0.0,100.0
Cc1cc(CCNS(=O)(=O)c2ccc(Br)cc2)on1,Cc1cc(CCNS(=O)(=O)c2ccc(Br)cc2)on1,1,1,100.0,0.0,100.0
CCCn1c(=O)c2ccccc2n(Cc2ccc(OC)c(F)c2)c1=O,CCCn1c(=O)c2ccccc2n(Cc2ccc(OC)c(F)c2)c1=O,1,1,100.0,0.0,100.0
Cc1cccc(NC(=O)CSc2ncnn2-c2ccccc2)c1C,Cc1cccc(NC(=O)CSc2ncnn2-c2ccccc2)c1C,1,1,100.0,0.0,100.0
Cn1cc(C(=O)NCC2CCN(C(=O)NC3CC3)CC2)cn1,Cn1cc(C(=O)NCC2CCN(C(=O)NC3CC3)CC2)cn1,1,1,100.0,0.0,100.0
N#Cc1ccc(NS(=O)(=O)c2cccs2)cc1,N#Cc1ccc(NS(=O)(=O)c2cccs2)cc1,1,1,100.0,0.0,100.0
COc1ccc(N2CCC(C(=O)Nc3ccccc3F)C2=O)cc1,COc1ccc(N2CCC(C(=O)Nc3ccccc3F)C2=O)cc1,1,1,100.0,0.0,100.0
COc1cccc(SCC(=O)Nc2cccc(NC(C)=O)c2)c1,COc1cccc(SCC(=O)Nc2cccc(NC(C)=O)c2)c1,1,1,100.0,0.0,100.0
O=C(NC1CC1)N(Cc1ccco1)Cc1cccs1,O=C(NC1CC1)N(Cc1ccco1)Cc1cccs1,1,1,100.0,0.0,100.0
Nc1cc2c(cc1NC(=O)Cc1ccc(F)cc1)OCCO2,Nc1cc2c(cc1NC(=O)Cc1ccc(F)cc1)OCCO2,1,1,100.0,0.0,100.0
Cc1ccc(-n2cnnc2SCC(=O)OCC2CC2C)cc1,Cc1ccc(-n2cnnc2SCC(=O)OCC2CC2C)cc1,1,1,100.0,0.0,100.0
O=c1ccccn1Cc1cn2cc(Cl)cc(Cl)c2n1,O=c1ccccn1Cc1cn2cc(Cl)cc(Cl)c2n1,1,1,100.0,0.0,100.0
CC(Cc1nc2ccccc2s1)N(C)Cc1nccs1,CC(Cc1nc2ccccc2s1)N(C)Cc1nccs1,1,1,100.0,0.0,100.0
Cc1nnc(SCc2nc3sc4c(c3c(=O)[nH]2)CCC4)s1,Cc1nnc(SCc2nc3sc4c(c3c(=O)[nH]2)CCC4)s1,1,1,100.0,0.0,100.0
Cn1nnnc1COc1ccc(CC(=O)N2CCCC2)cc1,Cn1nnnc1COc1ccc(CC(=O)N2CCCC2)cc1,1,1,100.0,0.0,100.0
CCOc1ccc(CNC(=O)N(C)CC2CC2)cc1OC,CCOc1ccc(CNC(=O)N(C)CC2CC2)cc1OC,1,1,100.0,0.0,100.0
Nc1cc(NC(=O)c2cccc(F)c2F)ccc1Cl,Nc1cc(NC(=O)c2cccc(F)c2F)ccc1Cl,1,1,100.0,0.0,100.0
COc1ccc(C(=O)Nc2cccnc2-n2cccn2)cc1,COc1ccc(C(=O)Nc2cccnc2-n2cccn2)cc1,1,1,100.0,0.0,100.0
CC(C#N)CN(C)C(=O)CSc1nncn1C(C)C,CC(C#N)CN(C)C(=O)CSc1nncn1C(C)C,1,1,100.0,0.0,100.0
O=C(NCc1ccnc(OC2CCC2)c1)C1CCCOC1,O=C(NCc1ccnc(OC2CCC2)c1)C1CCCOC1,1,1,100.0,0.0,100.0
CCC(CO)Nc1nc(C)nc2sc(C)cc12,CCC(CO)Nc1nc(C)nc2sc(C)cc12,1,1,100.0,0.0,100.0
COC(=O)C1Oc2c(O)cccc2C1C(=O)OC,COC(=O)C1Oc2c(O)cccc2C1C(=O)OC,1,1,100.0,0.0,100.0
Cc1cc(C)n(-c2ccccc2CNC(C)c2cnc(C)s2)n1,Cc1cc(C)n(-c2ccccc2CNC(C)c2cnc(C)s2)n1,1,1,100.0,0.0,100.0
Cn1ncc2c(N3CCC(C(=O)Nc4ncccn4)CC3)ncnc21,Cn1ncc2c(N3CCC(C(=O)Nc4ncccn4)CC3)ncnc21,1,1,100.0,0.0,100.0
Cc1nc2cc(C(=O)NCCS(=O)c3ccccc3)ccc2n1C,Cc1nc2cc(C(=O)NCCS(=O)c3ccccc3)ccc2n1C,1,1,100.0,0.0,100.0
Cc1nc(CN2CCN(C(=O)c3ccoc3C)CC2)oc1C,Cc1nc(CN2CCN(C(=O)c3ccoc3C)CC2)oc1C,1,1,100.0,0.0,100.0
Cc1cc(C)cc(NCCC(O)c2cccc(N)c2)c1,Cc1cc(C)cc(NCCC(O)c2cccc(N)c2)c1,1,1,100.0,0.0,100.0
O=C(Cc1c[nH]c2ccccc12)Nc1c[nH]cc(Br)c1=O,O=C(Cc1c[nH]c2ccccc12)Nc1c[nH]cc(Br)c1=O,1,1,100.0,0.0,100.0
O=C(c1ccc(-n2cncn2)cc1)N1CCCC1c1ccsc1,O=C(c1ccc(-n2cncn2)cc1)N1CCCC1c1ccsc1,1,1,100.0,0.0,100.0
CCc1onc(C)c1NC(=O)N1CCCC1c1cccc(N(C)C)c1,CCc1onc(C)c1NC(=O)N1CCCC1c1cccc(N(C)C)c1,1,1,100.0,0.0,100.0
CCn1nc(C)c(NC(=O)c2nn(C)c3ccccc3c2=O)c1C,CCn1nc(C)c(NC(=O)c2nn(C)c3ccccc3c2=O)c1C,1,1,100.0,0.0,100.0
Cc1ccnc(OCC23CCOC2CCN(Cc2cccs2)C3)n1,Cc1ccnc(OCC23CCOC2CCN(Cc2cccs2)C3)n1,1,1,100.0,0.0,100.0
CN(Cc1ccccc1)C(=O)CNC(=O)c1cc2n(n1)CCCO2,CN(Cc1ccccc1)C(=O)CNC(=O)c1cc2n(n1)CCCO2,1,1,100.0,0.0,100.0
CCc1nnc(NC(=O)CCCCNC(N)=O)s1,CCc1nnc(NC(=O)CCCCNC(N)=O)s1,1,1,100.0,0.0,100.0
CN(C)C(=O)c1cccc(C(=O)Oc2cccc(-n3cccn3)c2)c1,CN(C)C(=O)c1cccc(C(=O)Oc2cccc(-n3cccn3)c2)c1,1,1,100.0,0.0,100.0
CS(=O)(=O)Nc1ccc(C(=O)N2CCCC2)cc1,CS(=O)(=O)Nc1ccc(C(=O)N2CCCC2)cc1,1,1,100.0,0.0,100.0
Cc1cc(-n2cnnc2)cc2nc(-c3cccnc3)oc12,Cc1cc(-n2cnnc2)cc2nc(-c3cccnc3)oc12,1,1,100.0,0.0,100.0
Cc1nc2nc(N)nn2c(C)c1CCC(=O)N(C)c1ccccc1,Cc1nc2nc(N)nn2c(C)c1CCC(=O)N(C)c1ccccc1,1,1,100.0,0.0,100.0
COc1cc(-c2noc(CCn3cnc4ccccc43)n2)ccn1,COc1cc(-c2noc(CCn3cnc4ccccc43)n2)ccn1,1,1,100.0,0.0,100.0
CC1CN(Cc2nc(CC(=O)NCc3ccccc3)no2)CC(C)O1,CC1CN(Cc2nc(CC(=O)NCc3ccccc3)no2)CC(C)O1,1,1,100.0,0.0,100.0
COc1cccc(CC(NC(C)=O)C(=O)NCc2cnc(C)s2)c1,COc1cccc(CC(NC(C)=O)C(=O)NCc2cnc(C)s2)c1,1,1,100.0,0.0,100.0
N#Cc1ccc(-c2noc(C3(C#N)CCCC3)n2)nc1,N#Cc1ccc(-c2noc(C3(C#N)CCCC3)n2)nc1,1,1,100.0,0.0,100.0
Cc1sc(=O)n(CC(=O)Nc2cc(C(F)(F)F)c[nH]c2=O)c1C,Cc1sc(=O)n(CC(=O)Nc2cc(C(F)(F)F)c[nH]c2=O)c1C,1,1,100.0,0.0,100.0
CN(Cc1cccnc1)C(=O)C1CC(=O)N(Cc2ccccc2)C1,CN(Cc1cccnc1)C(=O)C1CC(=O)N(Cc2ccccc2)C1,1,1,100.0,0.0,100.0
CCc1noc(CC)c1CNC(=O)c1cc(F)ccc1O,CCc1noc(CC)c1CNC(=O)c1cc(F)ccc1O,1,1,100.0,0.0,100.0
CCCNC(=O)CS(=O)(=O)c1ccc(NC(C)=O)cc1,CCCNC(=O)CS(=O)(=O)c1ccc(NC(C)=O)cc1,1,1,100.0,0.0,100.0
CCCCN(C)C(=O)c1ccc2ncnc(N3CCCC3)c2c1,CCCCN(C)C(=O)c1ccc2ncnc(N3CCCC3)c2c1,1,1,100.0,0.0,100.0
O=C(NCc1ccncc1)N1CCN(C(=O)C2CCCO2)CC1,O=C(NCc1ccncc1)N1CCN(C(=O)C2CCCO2)CC1,1,1,100.0,0.0,100.0
CC(C)CCC(C)NC(=O)Cc1csc(-c2ccccn2)n1,CC(C)CCC(C)NC(=O)Cc1csc(-c2ccccn2)n1,1,1,100.0,0.0,100.0
C=CCN(Cc1cccc(C#N)c1)C(=O)c1cccnc1OCC,C=CCN(Cc1cccc(C#N)c1)C(=O)c1cccnc1OCC,1,1,100.0,0.0,100.0
O=C(Nc1nncs1)c1ccc(-c2nnc(-c3ccccc3)o2)cc1,O=C(Nc1nncs1)c1ccc(-c2nnc(-c3ccccc3)o2)cc1,1,1,100.0,0.0,100.0
O=C(CN1CCOC1=O)N1CCc2[nH]nc(-c3cccc(F)c3)c2C1,O=C(CN1CCOC1=O)N1CCc2[nH]nc(-c3cccc(F)c3)c2C1,1,1,100.0,0.0,100.0
COc1ccc(C(N)=O)cc1NC(=O)N(Cc1cccnc1)C1CC1,COc1ccc(C(N)=O)cc1NC(=O)N(Cc1cccnc1)C1CC1,1,1,100.0,0.0,100.0
O=C(NCc1nc2ccccc2s1)Nc1ccc2c(c1)OCO2,O=C(NCc1nc2ccccc2s1)Nc1ccc2c(c1)OCO2,1,1,100.0,0.0,100.0
CC(C)CCNC(=O)C1CC(=O)N(C2CCCCCC2)C1,CC(C)CCNC(=O)C1CC(=O)N(C2CCCCCC2)C1,1,1,100.0,0.0,100.0
CC(C)OCCCC(=O)Nc1ccc(Cl)cc1N,CC(C)OCCCC(=O)Nc1ccc(Cl)cc1N,1,1,100.0,0.0,100.0
COCCN1CCN(C(=O)CC2C=CCC2)CC1=O,COCCN1CCN(C(=O)CC2C=CCC2)CC1=O,1,1,100.0,0.0,100.0
CCC(C)n1ncc(C(=O)NCc2nc(C(C)C)cs2)c1C1CC1,CCC(C)n1ncc(C(=O)NCc2nc(C(C)C)cs2)c1C1CC1,1,1,100.0,0.0,100.0
Cc1csc(Sc2nccc(C(F)(F)F)n2)n1,Cc1csc(Sc2nccc(C(F)(F)F)n2)n1,1,1,100.0,0.0,100.0
Cc1ccc(C)c(OC(C)C(=O)Nc2cc(N3CCCC3)ncn2)c1,Cc1ccc(C)c(OC(C)C(=O)Nc2cc(N3CCCC3)ncn2)c1,1,1,100.0,0.0,100.0
Cn1c(COc2ccccc2N)nc2ccccc2c1=O,Cn1c(COc2ccccc2N)nc2ccccc2c1=O,1,1,100.0,0.0,100.0
CC(Oc1ccccc1)C(=O)Nc1ccc(C(N)=O)cc1,CC(Oc1ccccc1)C(=O)Nc1ccc(C(N)=O)cc1,1,1,100.0,0.0,100.0
Oc1ccc(-n2nnnc2SCC(F)F)cc1,Oc1ccc(-n2nnnc2SCC(F)F)cc1,1,1,100.0,0.0,100.0
COc1ccc(-c2c(C3CC3)n[nH]c2N)cc1OC,COc1ccc(-c2c(C3CC3)n[nH]c2N)cc1OC,1,1,100.0,0.0,100.0
Cc1cc(OCC(=O)N(C)Cc2nc3ccccc3s2)no1,Cc1cc(OCC(=O)N(C)Cc2nc3ccccc3s2)no1,1,1,100.0,0.0,100.0
C1COC(CSc2nc(C3CCCC3)n[nH]2)C1,C1COC(CSc2nc(C3CCCC3)n[nH]2)C1,1,1,100.0,0.0,100.0
O=C(c1ccncc1)N1CC2COCC2(COc2cccnc2)C1,O=C(c1ccncc1)N1CC2COCC2(COc2cccnc2)C1,1,1,100.0,0.0,100.0
CN(Cc1ccccc1)c1c(-c2ccccc2)c(=O)c1=O,CN(Cc1ccccc1)c1c(-c2ccccc2)c(=O)c1=O,1,1,100.0,0.0,100.0
Cc1noc(C)c1CC(C)NC(=O)NCc1ccc(Cl)cc1,Cc1noc(C)c1CC(C)NC(=O)NCc1ccc(Cl)cc1,1,1,100.0,0.0,100.0
Cc1cnn(C2CCCN(C(=O)c3nc(C(C)C)ncc3Cl)C2)c1,Cc1cnn(C2CCCN(C(=O)c3nc(C(C)C)ncc3Cl)C2)c1,1,1,100.0,0.0,100.0
Cc1ccc(OCc2nc(-c3ccc(N)cc3)cs2)cc1,Cc1ccc(OCc2nc(-c3ccc(N)cc3)cs2)cc1,1,1,100.0,0.0,100.0
COC(=O)c1ccc(Oc2ccccc2N)cc1C(=O)OC,COC(=O)c1ccc(Oc2ccccc2N)cc1C(=O)OC,1,1,100.0,0.0,100.0
Cc1nc(=O)cc(CN2CC(NC(=O)CO)C(C(C)C)C2)[nH]1,Cc1nc(=O)cc(CN2CC(NC(=O)CO)C(C(C)C)C2)[nH]1,1,1,100.0,0.0,100.0
Cc1cc(CC2COCC2NC(=O)CN(C)c2ccccc2)on1,Cc1cc(CC2COCC2NC(=O)CN(C)c2ccccc2)on1,1,1,100.0,0.0,100.0
COC(=O)c1cc(NC(=O)NC2CCCC2)c(F)cc1F,COC(=O)c1cc(NC(=O)NC2CCCC2)c(F)cc1F,1,1,100.0,0.0,100.0
CCc1ccc2c(c1)C(CCNC(=O)CCc1ccsc1)C(=O)N2,CCc1ccc2c(c1)C(CCNC(=O)CCc1ccsc1)C(=O)N2,1,1,100.0,0.0,100.0
N#Cc1cccc(C(=O)N2CCN(C(=O)c3cccs3)CC2)c1,N#Cc1cccc(C(=O)N2CCN(C(=O)c3cccs3)CC2)c1,1,1,100.0,0.0,100.0
COc1ccc(NC(=O)Cc2noc(-c3ccc(C)cc3)n2)cc1,COc1ccc(NC(=O)Cc2noc(-c3ccc(C)cc3)n2)cc1,1,1,100.0,0.0,100.0
CC(C)c1nc(CC(=O)NC2CCN(S(C)(=O)=O)CC2)cs1,CC(C)c1nc(CC(=O)NC2CCN(S(C)(=O)=O)CC2)cs1,1,1,100.0,0.0,100.0
CC1Cc2ccccc2N1C(=O)CNS(=O)(=O)c1cnn(C)c1,CC1Cc2ccccc2N1C(=O)CNS(=O)(=O)c1cnn(C)c1,1,1,100.0,0.0,100.0
CC(=O)c1cncc(-c2ccc3c(c2)OCCO3)c1,CC(=O)c1cncc(-c2ccc3c(c2)OCCO3)c1,1,1,100.0,0.0,100.0
O=C(NCCCOCC1CCCO1)C1CCCCC1,O=C(NCCCOCC1CCCO1)C1CCCCC1,1,1,100.0,0.0,100.0
O=C(NCc1cccs1)c1ccc(-n2cccn2)cc1,O=C(NCc1cccs1)c1ccc(-n2cccn2)cc1,1,1,100.0,0.0,100.0
N#Cc1ccc(NC(=O)N2CCC(CS(N)(=O)=O)CC2)cc1,N#Cc1ccc(NC(=O)N2CCC(CS(N)(=O)=O)CC2)cc1,1,1,100.0,0.0,100.0
Nc1ccc2nc(CC(=O)NCCN3CCOCC3)oc2c1,Nc1ccc2nc(CC(=O)NCCN3CCOCC3)oc2c1,1,1,100.0,0.0,100.0
CC(C)(C)NC(=O)Cn1nnc(-c2ccc(Cl)cc2)n1,CC(C)(C)NC(=O)Cn1nnc(-c2ccc(Cl)cc2)n1,1,1,100.0,0.0,100.0
Cc1ccc(F)cc1C(=O)Nc1ccc(NC(=O)C2CCCO2)cc1,Cc1ccc(F)cc1C(=O)Nc1ccc(NC(=O)C2CCCO2)cc1,1,1,100.0,0.0,100.0
CSc1nsc(NC(=O)c2cc(C(C)C)n(C)n2)n1,CSc1nsc(NC(=O)c2cc(C(C)C)n(C)n2)n1,1,1,100.0,0.0,100.0
CCc1cc(=O)[nH]c2nnc(SCc3cccnc3)n12,CCc1cc(=O)[nH]c2nnc(SCc3cccnc3)n12,1,1,100.0,0.0,100.0
COCCCNC(=O)N1CCCC(CNC(N)=O)C1,COCCCNC(=O)N1CCCC(CNC(N)=O)C1,1,1,100.0,0.0,100.0
CN(Cc1ccccn1)C(=O)Nc1ccccc1-n1cccn1,CN(Cc1ccccn1)C(=O)Nc1ccccc1-n1cccn1,1,1,100.0,0.0,100.0
CCc1noc(CC)c1CNC(=O)CNC(=O)c1ccoc1C,CCc1noc(CC)c1CNC(=O)CNC(=O)c1ccoc1C,1,1,100.0,0.0,100.0
CCc1cccc2c(CC(=O)N3CCCCC3CCO)c[nH]c12,CCc1cccc2c(CC(=O)N3CCCCC3CCO)c[nH]c12,1,1,100.0,0.0,100.0
Cc1c(Br)cnn1C(C)C(=O)Nc1cc(F)ccc1F,Cc1c(Br)cnn1C(C)C(=O)Nc1cc(F)ccc1F,1,1,100.0,0.0,100.0
O=C(Nc1ccccc1)Nc1ccc(C2=NCCO2)cc1,O=C(Nc1ccccc1)Nc1ccc(C2=NCCO2)cc1,1,1,100.0,0.0,100.0
Cc1cc(NC(=O)C2CC=CCC2)n(Cc2ccccc2)n1,Cc1cc(NC(=O)C2CC=CCC2)n(Cc2ccccc2)n1,1,1,100.0,0.0,100.0
O=C(NCc1ccc2c(c1)OCCO2)NC1CCCC1,O=C(NCc1ccc2c(c1)OCCO2)NC1CCCC1,1,1,100.0,0.0,100.0
NC(=O)C1CCC(C(=O)NC2(c3ccc(Cl)cc3)CCC2)CC1,NC(=O)C1CCC(C(=O)NC2(c3ccc(Cl)cc3)CCC2)CC1,1,1,100.0,0.0,100.0
CC1COCCN1CCc1nc(-c2ccc(Cl)cc2)no1,CC1COCCN1CCc1nc(-c2ccc(Cl)cc2)no1,1,1,100.0,0.0,100.0
CC(C)(C)n1nnnc1CN1CCN(c2ccccc2F)CC1,CC(C)(C)n1nnnc1CN1CCN(c2ccccc2F)CC1,1,1,100.0,0.0,100.0
C#Cc1cccc(NCC(=O)N(C)c2ccccc2)c1,C#Cc1cccc(NCC(=O)N(C)c2ccccc2)c1,1,1,100.0,0.0,100.0
O=C(COC(=O)C1CC2CCC1O2)NC1CCCCC1,O=C(COC(=O)C1CC2CCC1O2)NC1CCCCC1,1,1,100.0,0.0,100.0
C(=CN1CCOCC1)c1nnnn1-c1ccc(-c2ccccc2)cc1,C(=CN1CCOCC1)c1nnnn1-c1ccc(-c2ccccc2)cc1,1,1,100.0,0.0,100.0
COCc1cccc(NC(=O)NCC(C)C(=O)OC)c1,COCc1cccc(NC(=O)NCC(C)C(=O)OC)c1,1,1,100.0,0.0,100.0
C=CCn1c(SCc2ccccn2)nc2ccccc21,C=CCn1c(SCc2ccccn2)nc2ccccc21,1,1,100.0,0.0,100.0
CC1Oc2ccccc2N(CCC(=O)NC2CCC(=O)NC2)C1=O,CC1Oc2ccccc2N(CCC(=O)NC2CCC(=O)NC2)C1=O,1,1,100.0,0.0,100.0
O=C(CSc1ncc2ccccn12)c1ccc(F)cc1,O=C(CSc1ncc2ccccn12)c1ccc(F)cc1,1,1,100.0,0.0,100.0
Nc1ccc(S(=O)(=O)NCc2cccc(Cl)c2)cn1,Nc1ccc(S(=O)(=O)NCc2cccc(Cl)c2)cn1,1,1,100.0,0.0,100.0
CCN(CC)C(=O)C(Sc1nncs1)c1ccccc1,CCN(CC)C(=O)C(Sc1nncs1)c1ccccc1,1,1,100.0,0.0,100.0
Cc1nn(C)c(C)c1C(C)NC(=O)NCCc1ccccc1,Cc1nn(C)c(C)c1C(C)NC(=O)NCCc1ccccc1,1,1,100.0,0.0,100.0
O=C(Nc1cc(-n2cnnn2)ccc1Cl)c1ccncc1,O=C(Nc1cc(-n2cnnn2)ccc1Cl)c1ccncc1,1,1,100.0,0.0,100.0
CC(OC(=O)Cc1ccc(-n2cnnn2)cc1)c1ccccn1,CC(OC(=O)Cc1ccc(-n2cnnn2)cc1)c1ccccn1,1,1,100.0,0.0,100.0
CCN1CCc2nc(NC(=O)Cc3ccc[nH]3)sc2C1,CCN1CCc2nc(NC(=O)Cc3ccc[nH]3)sc2C1,1,1,100.0,0.0,100.0
Cn1nnnc1-c1cccc(NCc2ccc(Br)cc2)c1,Cn1nnnc1-c1cccc(NCc2ccc(Br)cc2)c1,1,1,100.0,0.0,100.0
CNc1nc(N2CCC3(CC2)OCCCC3O)ncc1F,CNc1nc(N2CCC3(CC2)OCCCC3O)ncc1F,1,1,100.0,0.0,100.0
COc1ccccc1-n1c(SCC(N)=O)nnc1-c1cccs1,COc1ccccc1-n1c(SCC(N)=O)nnc1-c1cccs1,1,1,100.0,0.0,100.0
FC(F)(F)c1c[nH]c(C2CCN(c3ccc4nnnn4n3)CC2)n1,FC(F)(F)c1c[nH]c(C2CCN(c3ccc4nnnn4n3)CC2)n1,1,1,100.0,0.0,100.0
COC(=O)c1ccc(-c2nn3c(C(F)(F)F)nnc3s2)cc1,COC(=O)c1ccc(-c2nn3c(C(F)(F)F)nnc3s2)cc1,1,1,100.0,0.0,100.0
CN(C)c1cccc(C(=O)N2CCN(S(N)(=O)=O)CC2)c1,CN(C)c1cccc(C(=O)N2CCN(S(N)(=O)=O)CC2)c1,1,1,100.0,0.0,100.0
Brc1ccc(NCc2cncs2)cc1,Brc1ccc(NCc2cncs2)cc1,1,1,100.0,0.0,100.0
Cn1ncc2c1CCCC2NC(=O)NCC(C)(O)c1ccco1,Cn1ncc2c1CCCC2NC(=O)NCC(C)(O)c1ccco1,1,1,100.0,0.0,100.0
CC(C)NC(=O)CN1C=NS(=O)(=O)c2ccccc21,CC(C)NC(=O)CN1C=NS(=O)(=O)c2ccccc21,1,1,100.0,0.0,100.0
COc1ccc(Cn2cnc3cc(N)ccc32)cc1,COc1ccc(Cn2cnc3cc(N)ccc32)cc1,1,1,100.0,0.0,100.0
Cc1cnc(NC(=O)Cc2c(C)nc3ccccc3c2C)s1,Cc1cnc(NC(=O)Cc2c(C)nc3ccccc3c2C)s1,1,1,100.0,0.0,100.0
Cc1cccc(-c2[nH]ncc2CN2CC(=O)NC3CCCCC32)c1,Cc1cccc(-c2[nH]ncc2CN2CC(=O)NC3CCCCC32)c1,1,1,100.0,0.0,100.0
CC(Cc1ccc(Br)cc1)NC(=O)c1ccncc1,CC(Cc1ccc(Br)cc1)NC(=O)c1ccncc1,1,1,100.0,0.0,100.0
CS(=O)c1ccc(C(=O)Nc2ccc3c(c2)NC(=O)CS3)cc1,CS(=O)c1ccc(C(=O)Nc2ccc3c(c2)NC(=O)CS3)cc1,1,1,100.0,0.0,100.0
N#Cc1c(F)cccc1N1CCC(c2nc(-c3ccccn3)no2)CC1,N#Cc1c(F)cccc1N1CCC(c2nc(-c3ccccn3)no2)CC1,1,1,100.0,0.0,100.0
O=C(Cc1cccc(F)c1F)NCc1nncn1C1CC1,O=C(Cc1cccc(F)c1F)NCc1nncn1C1CC1,1,1,100.0,0.0,100.0
Cc1csc(C(NC(=O)C2CCCN(C(=O)C3CC3)C2)C2CC2)n1,Cc1csc(C(NC(=O)C2CCCN(C(=O)C3CC3)C2)C2CC2)n1,1,1,100.0,0.0,100.0
COCCCNC(=O)C(C)Sc1cccc(Br)c1,COCCCNC(=O)C(C)Sc1cccc(Br)c1,1,1,100.0,0.0,100.0
CCN(CC1CCCO1)c1ncnc2sc3c(c12)CCCC3,CCN(CC1CCCO1)c1ncnc2sc3c(c12)CCCC3,1,1,100.0,0.0,100.0
Cn1ccnc1C(NC(=O)NCC1CCOC1)c1ccc(F)cc1,Cn1ccnc1C(NC(=O)NCC1CCOC1)c1ccc(F)cc1,1,1,100.0,0.0,100.0
O=C1CCC(C(=O)NCc2ccc(OC3CCCC3)nc2)N1,O=C1CCC(C(=O)NCc2ccc(OC3CCCC3)nc2)N1,1,1,100.0,0.0,100.0
CCc1ccc(CCC(=O)N2CCC(C(N)=O)C2)cc1,CCc1ccc(CCC(=O)N2CCC(C(N)=O)C2)cc1,1,1,100.0,0.0,100.0
Cc1cc(C)c(C2CC(=O)Nc3n[nH]cc32)cc1Cn1cncn1,Cc1cc(C)c(C2CC(=O)Nc3n[nH]cc32)cc1Cn1cncn1,1,1,100.0,0.0,100.0
Cc1nc(CNc2ccc(Br)cc2C)cs1,Cc1nc(CNc2ccc(Br)cc2C)cs1,1,1,100.0,0.0,100.0
O=C(Nc1ccccc1)N(CCO)Cc1cccnc1,O=C(Nc1ccccc1)N(CCO)Cc1cccnc1,1,1,100.0,0.0,100.0
NC(=O)C1CCCN(C(=O)CS(=O)(=O)c2ccc(F)cc2)C1,NC(=O)C1CCCN(C(=O)CS(=O)(=O)c2ccc(F)cc2)C1,1,1,100.0,0.0,100.0
Cc1nc(N2CCN(c3ccccn3)CC2)nc2c1C(=O)CCC2,Cc1nc(N2CCN(c3ccccn3)CC2)nc2c1C(=O)CCC2,1,1,100.0,0.0,100.0
Cc1ccc(NC(=O)c2snc(-c3cccnc3)c2N)cc1,Cc1ccc(NC(=O)c2snc(-c3cccnc3)c2N)cc1,1,1,100.0,0.0,100.0
CCn1c(SCC(=O)OC)nnc1-c1ccccc1OC,CCn1c(SCC(=O)OC)nnc1-c1ccccc1OC,1,1,100.0,0.0,100.0
O=C(CCn1c(=O)oc2ccc(Cl)cc21)Nc1ccon1,O=C(CCn1c(=O)oc2ccc(Cl)cc21)Nc1ccon1,1,1,100.0,0.0,100.0
N#Cc1cccc(Oc2ccc(NC(=O)c3cscn3)cc2)c1,N#Cc1cccc(Oc2ccc(NC(=O)c3cscn3)cc2)c1,1,1,100.0,0.0,100.0
Cc1nn(C)cc1C(=O)Nc1cccn(Cc2ccccc2)c1=O,Cc1nn(C)cc1C(=O)Nc1cccn(Cc2ccccc2)c1=O,1,1,100.0,0.0,100.0
CC(C)n1ccc2c(C(=O)Nc3ccccn3)cccc21,CC(C)n1ccc2c(C(=O)Nc3ccccn3)cccc21,1,1,100.0,0.0,100.0
CCC(=O)C(C)n1cnc2c1c(=O)n(C)c(=O)n2C,CCC(=O)C(C)n1cnc2c1c(=O)n(C)c(=O)n2C,1,1,100.0,0.0,100.0
N#Cc1ccc(-c2noc(-c3ccc(Br)c(F)c3)n2)nc1,N#Cc1ccc(-c2noc(-c3ccc(Br)c(F)c3)n2)nc1,1,1,100.0,0.0,100.0
COCc1c(N)c(C)nc(NCc2ccccc2)c1C#N,COCc1c(N)c(C)nc(NCc2ccccc2)c1C#N,1,1,100.0,0.0,100.0
CC(=O)NC(C(=O)N1CCCC(C(=O)N2CCOCC2)C1)C(C)C,CC(=O)NC(C(=O)N1CCCC(C(=O)N2CCOCC2)C1)C(C)C,1,1,100.0,0.0,100.0
Cc1ccc(-c2nnn(-c3ccccc3C#N)c2N)c(C)c1,Cc1ccc(-c2nnn(-c3ccccc3C#N)c2N)c(C)c1,1,1,100.0,0.0,100.0
Cc1cc(C(=O)NCCOc2ccc(Cl)cc2)no1,Cc1cc(C(=O)NCCOc2ccc(Cl)cc2)no1,1,1,100.0,0.0,100.0
Cc1csc(C2CCCN(C(=O)C3CCOc4ccccc43)C2)n1,Cc1csc(C2CCCN(C(=O)C3CCOc4ccccc43)C2)n1,1,1,100.0,0.0,100.0
Cc1nc2sccc2c(=O)n1NC(=O)c1cccc2ncccc12,Cc1nc2sccc2c(=O)n1NC(=O)c1cccc2ncccc12,1,1,100.0,0.0,100.0
COC(=O)Nc1ccc(OC(C)C(=O)NCC(F)(F)F)cc1,COC(=O)Nc1ccc(OC(C)C(=O)NCC(F)(F)F)cc1,1,1,100.0,0.0,100.0
C#CCNC(=O)NCCc1ccc(-c2csc(C)n2)s1,C#CCNC(=O)NCCc1ccc(-c2csc(C)n2)s1,1,1,100.0,0.0,100.0
CNC(=O)C(Cc1ccccc1)NS(=O)(=O)c1ccccc1F,CNC(=O)C(Cc1ccccc1)NS(=O)(=O)c1ccccc1F,1,1,100.0,0.0,100.0
Cc1ncc(-c2cc(=O)[nH]c(NC3CCCC3)n2)c(C)n1,Cc1ncc(-c2cc(=O)[nH]c(NC3CCCC3)n2)c(C)n1,1,1,100.0,0.0,100.0
COCC(Nc1ccc2cc[nH]c2n1)c1ccnn1C,COCC(Nc1ccc2cc[nH]c2n1)c1ccnn1C,1,1,100.0,0.0,100.0
Cc1cccc(C(C)C)c1NC(=O)c1ccc(C(F)(F)F)nc1C,Cc1cccc(C(C)C)c1NC(=O)c1ccc(C(F)(F)F)nc1C,1,1,100.0,0.0,100.0
COC(=O)CNC(=O)c1cc2sccc2n1Cc1ccccc1,COC(=O)CNC(=O)c1cc2sccc2n1Cc1ccccc1,1,1,100.0,0.0,100.0
CC(=O)NCc1cccc(Cn2nc(C)cc2C)c1,CC(=O)NCc1cccc(Cn2nc(C)cc2C)c1,1,1,100.0,0.0,100.0
CC(=O)Nc1ncc(S(=O)(=O)N2CCOCC2)s1,CC(=O)Nc1ncc(S(=O)(=O)N2CCOCC2)s1,1,1,100.0,0.0,100.0
CC(C)Oc1nnc(SCC(=O)N2CCc3ccccc3C2)s1,CC(C)Oc1nnc(SCC(=O)N2CCc3ccccc3C2)s1,1,1,100.0,0.0,100.0
Cc1ccc(CN2CCN(C(=O)CSc3ccccc3)CC2)cc1,Cc1ccc(CN2CCN(C(=O)CSc3ccccc3)CC2)cc1,1,1,100.0,0.0,100.0
Cc1cc(C(=O)N2CC(OCc3csc(C)n3)C3COCC32)no1,Cc1cc(C(=O)N2CC(OCc3csc(C)n3)C3COCC32)no1,1,1,100.0,0.0,100.0
Cc1nn(C)c(NC(C)c2cccc(Cl)c2)c1N,Cc1nn(C)c(NC(C)c2cccc(Cl)c2)c1N,1,1,100.0,0.0,100.0
COc1cccc(CN(C)c2ncnc3c2cnn3CCO)c1OC,COc1cccc(CN(C)c2ncnc3c2cnn3CCO)c1OC,1,1,100.0,0.0,100.0
CC(C)(C)CC(C)(C)NC(=O)C1COc2ccccc2O1,CC(C)(C)CC(C)(C)NC(=O)C1COc2ccccc2O1,1,1,100.0,0.0,100.0
CCNC(=O)c1ccccc1NC(=O)C(C)Oc1ccccc1OC,CCNC(=O)c1ccccc1NC(=O)C(C)Oc1ccccc1OC,1,1,100.0,0.0,100.0
Cc1c(C(=O)NC(C)c2ccccc2)nnn1-c1ccc(F)cc1,Cc1c(C(=O)NC(C)c2ccccc2)nnn1-c1ccc(F)cc1,1,1,100.0,0.0,100.0
COC(=O)C1CCCCCC1NC(=O)c1cc(C)n(C2CC2)c1C,COC(=O)C1CCCCCC1NC(=O)c1cc(C)n(C2CC2)c1C,1,1,100.0,0.0,100.0
CC(=O)NCC(=O)N1CCOC2(CCCC2COc2cccnc2)C1,CC(=O)NCC(=O)N1CCOC2(CCCC2COc2cccnc2)C1,1,1,100.0,0.0,100.0
COC(=O)NCC(=O)Nc1ccc2c(c1)OC1(CCCC1)O2,COC(=O)NCC(=O)Nc1ccc2c(c1)OC1(CCCC1)O2,1,1,100.0,0.0,100.0
CCS(=O)(=O)N(Cc1cccc(N)c1)C(C)C,CCS(=O)(=O)N(Cc1cccc(N)c1)C(C)C,1,1,100.0,0.0,100.0
Cc1cccc(OCC(=O)Nc2cccc(C#N)c2)c1C,Cc1cccc(OCC(=O)Nc2cccc(C#N)c2)c1C,1,1,100.0,0.0,100.0
Cc1ccoc1C(=O)NCCCNC(=O)c1occc1C,Cc1ccoc1C(=O)NCCCNC(=O)c1occc1C,1,1,100.0,0.0,100.0
COc1cc(-c2nnc(C)o2)cc(OC)c1OC,COc1cc(-c2nnc(C)o2)cc(OC)c1OC,1,1,100.0,0.0,100.0
CC(C)N(Cc1cccnc1)C(=O)NCC1COc2ccccc2C1,CC(C)N(Cc1cccnc1)C(=O)NCC1COc2ccccc2C1,1,1,100.0,0.0,100.0
COc1ccc(NC(=O)CSc2nc(C(C)C)n[nH]2)c(OC)c1,COc1ccc(NC(=O)CSc2nc(C(C)C)n[nH]2)c(OC)c1,1,1,100.0,0.0,100.0
Cc1nc(NC(=O)C2CN(S(C)(=O)=O)C2)sc1C,Cc1nc(NC(=O)C2CN(S(C)(=O)=O)C2)sc1C,1,1,100.0,0.0,100.0
Cc1cc(C)n(CC(=O)Nc2cccc3ccccc23)c(=O)n1,Cc1cc(C)n(CC(=O)Nc2cccc3ccccc23)c(=O)n1,1,1,100.0,0.0,100.0
CCOC(=O)C1=C(C)NC(=O)CC1c1ccccc1F,CCOC(=O)C1=C(C)NC(=O)CC1c1ccccc1F,1,1,100.0,0.0,100.0
CCC(C)n1ncc(C(=O)Nc2ccnc(N(C)C)n2)c1C1CC1,CCC(C)n1ncc(C(=O)Nc2ccnc(N(C)C)n2)c1C1CC1,1,1,100.0,0.0,100.0
O=C(NCC1Cc2ccccc2O1)c1cc(C2CC2)[nH]n1,O=C(NCC1Cc2ccccc2O1)c1cc(C2CC2)[nH]n1,1,1,100.0,0.0,100.0
OCCSc1nnc(NCCN2CCOCC2)s1,OCCSc1nnc(NCCN2CCOCC2)s1,1,1,100.0,0.0,100.0
CN1CCN(C(=O)Cc2coc3ccc4ccccc4c23)CC1,CN1CCN(C(=O)Cc2coc3ccc4ccccc4c23)CC1,1,1,100.0,0.0,100.0
COC(=O)CC(NC(=O)c1cnn[nH]1)c1ccccc1,COC(=O)CC(NC(=O)c1cnn[nH]1)c1ccccc1,1,1,100.0,0.0,100.0
Cc1cccc(C(=O)OCc2cccc(S(=O)(=O)N(C)C)c2)n1,Cc1cccc(C(=O)OCc2cccc(S(=O)(=O)N(C)C)c2)n1,1,1,100.0,0.0,100.0
Cc1nn(C)c2ncc(NC(=O)c3cc(Br)cn3C)cc12,Cc1nn(C)c2ncc(NC(=O)c3cc(Br)cn3C)cc12,1,1,100.0,0.0,100.0
CC(C)CC(C)NC(=O)c1scnc1C1CC1,CC(C)CC(C)NC(=O)c1scnc1C1CC1,1,1,100.0,0.0,100.0
Cc1ccc(CNC(=O)c2nn(C)c3ccc(F)cc3c2=O)o1,Cc1ccc(CNC(=O)c2nn(C)c3ccc(F)cc3c2=O)o1,1,1,100.0,0.0,100.0
CCc1cc2c(N3CCC(n4cccc4)CC3)ncnc2s1,CCc1cc2c(N3CCC(n4cccc4)CC3)ncnc2s1,1,1,100.0,0.0,100.0
Cc1nn(-c2n[nH]c(C)c2Br)c(C)c1C,Cc1nn(-c2n[nH]c(C)c2Br)c(C)c1C,1,1,100.0,0.0,100.0
COc1ccc(-c2cc(CNC(=O)C3CCCCC3)no2)cc1OC,COc1ccc(-c2cc(CNC(=O)C3CCCCC3)no2)cc1OC,1,1,100.0,0.0,100.0
Cc1nc2ccc(COC(=O)C3CCCN3)cc2[nH]1,Cc1nc2ccc(COC(=O)C3CCCN3)cc2[nH]1,1,1,100.0,0.0,100.0
COCC(C)NC(=O)CCOc1ccc(C)cc1C,COCC(C)NC(=O)CCOc1ccc(C)cc1C,1,1,100.0,0.0,100.0
Cc1ccc(C)c(C(=O)N(C)CCc2ccccn2)c1,Cc1ccc(C)c(C(=O)N(C)CCc2ccccn2)c1,1,1,100.0,0.0,100.0
COC(=O)c1ccc(Cn2nc(C)c(Br)c2C)cc1F,COC(=O)c1ccc(Cn2nc(C)c(Br)c2C)cc1F,1,1,100.0,0.0,100.0
O=C(Cn1cnc(NC(=O)c2cccs2)n1)NCc1ccccc1,O=C(Cn1cnc(NC(=O)c2cccs2)n1)NCc1ccccc1,1,1,100.0,0.0,100.0
Cc1cccc(CN2CCOC3C(Oc4ccccn4)CCC32)n1,Cc1cccc(CN2CCOC3C(Oc4ccccn4)CCC32)n1,1,1,100.0,0.0,100.0
Nc1c(O)n[nH]c1-c1ccccc1Br,Nc1c(O)n[nH]c1-c1ccccc1Br,1,1,100.0,0.0,100.0
O=C(c1cccnc1)N1CCC(O)(Cn2ccc3ccncc32)CC1,O=C(c1cccnc1)N1CCC(O)(Cn2ccc3ccncc32)CC1,1,1,100.0,0.0,100.0
CN(C)C(=O)c1n[nH]c2c1CN(Cc1ccc3c(c1)OCO3)CC2,CN(C)C(=O)c1n[nH]c2c1CN(Cc1ccc3c(c1)OCO3)CC2,1,1,100.0,0.0,100.0
Cc1cnn(Cc2cc(F)ccc2F)c1NC(=O)CNC(=O)C1CC1,Cc1cnn(Cc2cc(F)ccc2F)c1NC(=O)CNC(=O)C1CC1,1,1,100.0,0.0,100.0
CCOC(=O)c1ccc(-c2c(C)oc3cc(O)cc(C)c3c2=O)o1,CCOC(=O)c1ccc(-c2c(C)oc3cc(O)cc(C)c3c2=O)o1,1,1,100.0,0.0,100.0
CCc1nnc(CS(=O)c2ccc(OC)c(OC)c2)o1,CCc1nnc(CS(=O)c2ccc(OC)c(OC)c2)o1,1,1,100.0,0.0,100.0
CC(CCc1ccc(O)cc1)NC(=O)C1(O)CCCC1,CC(CCc1ccc(O)cc1)NC(=O)C1(O)CCCC1,1,1,100.0,0.0,100.0
O=C(Nc1cnn(C2CCOCC2)c1)c1ccccc1Cl,O=C(Nc1cnn(C2CCOCC2)c1)c1ccccc1Cl,1,1,100.0,0.0,100.0
CCn1c(=O)n(CC(=O)N(C)Cc2ccco2)c2ccccc21,CCn1c(=O)n(CC(=O)N(C)Cc2ccco2)c2ccccc21,1,1,100.0,0.0,100.0
CS(=O)(=O)NCCC(=O)N1CCC(Cc2cccc(CO)c2)C1,CS(=O)(=O)NCCC(=O)N1CCC(Cc2cccc(CO)c2)C1,1,1,100.0,0.0,100.0
COc1cn(-c2ccccc2)nc1C(=O)NC(C)C1CC1,COc1cn(-c2ccccc2)nc1C(=O)NC(C)C1CC1,1,1,100.0,0.0,100.0
CCc1nc(NCCCN2CCOCC2)cc(OC)n1,CCc1nc(NCCCN2CCOCC2)cc(OC)n1,1,1,100.0,0.0,100.0
Cc1csc(CCNc2ccccc2S(C)(=O)=O)n1,Cc1csc(CCNc2ccccc2S(C)(=O)=O)n1,1,1,100.0,0.0,100.0
CC(C)(C)CCC(=O)N(Cc1cccnc1)c1ccc(F)cc1,CC(C)(C)CCC(=O)N(Cc1cccnc1)c1ccc(F)cc1,1,1,100.0,0.0,100.0
Cc1ccccc1OCCNC(=O)Nc1nnc(C(F)(F)F)s1,Cc1ccccc1OCCNC(=O)Nc1nnc(C(F)(F)F)s1,1,1,100.0,0.0,100.0
CC(=O)Nc1cc(C(=O)N(C)C2CCCC2)ccc1F,CC(=O)Nc1cc(C(=O)N(C)C2CCCC2)ccc1F,1,1,100.0,0.0,100.0
COc1ccc(CC(=O)N(C)C(C)(C)C#N)cc1OC,COc1ccc(CC(=O)N(C)C(C)(C)C#N)cc1OC,1,1,100.0,0.0,100.0
O=C(Nc1ccc2c(c1)OCCO2)c1noc2c1CCCCC2,O=C(Nc1ccc2c(c1)OCCO2)c1noc2c1CCCCC2,1,1,100.0,0.0,100.0
COc1ccc(F)c(NC(=O)NCCc2ccccn2)c1,COc1ccc(F)c(NC(=O)NCCc2ccccn2)c1,1,1,100.0,0.0,100.0
CC(=O)Nc1cc(C(=O)OCc2cnns2)ccc1F,CC(=O)Nc1cc(C(=O)OCc2cnns2)ccc1F,1,1,100.0,0.0,100.0
CN(C(=O)CC1OC(=O)c2ccccc21)c1ccc(F)c(F)c1,CN(C(=O)CC1OC(=O)c2ccccc21)c1ccc(F)c(F)c1,1,1,100.0,0.0,100.0
COC(=O)c1ccc(F)c(S(=O)(=O)N(C(C)C)C2CCC2)c1,COC(=O)c1ccc(F)c(S(=O)(=O)N(C(C)C)C2CCC2)c1,1,1,100.0,0.0,100.0
CCN(CC(=O)OC)C(=O)c1ccc(Cl)cc1F,CCN(CC(=O)OC)C(=O)c1ccc(Cl)cc1F,1,1,100.0,0.0,100.0
O=C1CN(C(=O)CCc2cc(F)ccc2F)CCN1,O=C1CN(C(=O)CCc2cc(F)ccc2F)CCN1,1,1,100.0,0.0,100.0
CCc1onc(C)c1NC(=O)CCSc1ccccn1,CCc1onc(C)c1NC(=O)CCSc1ccccn1,1,1,100.0,0.0,100.0
Cc1cc(NC(=O)C(C)N2CCOC(Cn3nc(C)cc3C)C2)on1,Cc1cc(NC(=O)C(C)N2CCOC(Cn3nc(C)cc3C)C2)on1,1,1,100.0,0.0,100.0
Cc1cccc(N(C)C(=O)C2CCCN(S(C)(=O)=O)C2)c1C,Cc1cccc(N(C)C(=O)C2CCCN(S(C)(=O)=O)C2)c1C,1,1,100.0,0.0,100.0
O=C(CCn1ccccc1=O)Nc1cccc2cnccc12,O=C(CCn1ccccc1=O)Nc1cccc2cnccc12,1,1,100.0,0.0,100.0
COC(=O)CCc1csc(COc2ccc(Cl)cc2)n1,COC(=O)CCc1csc(COc2ccc(Cl)cc2)n1,1,1,100.0,0.0,100.0
C=CCN1CCN(S(=O)(=O)c2cccc(Cl)c2Cl)CC1,C=CCN1CCN(S(=O)(=O)c2cccc(Cl)c2Cl)CC1,1,1,100.0,0.0,100.0
O=S(=O)(c1cccc(C(F)(F)F)c1)N1CCCCC1,O=S(=O)(c1cccc(C(F)(F)F)c1)N1CCCCC1,1,1,100.0,0.0,100.0
Cc1ccccc1CNc1cccc(C(=O)N2CCOCC2)c1C,Cc1ccccc1CNc1cccc(C(=O)N2CCOCC2)c1C,1,1,100.0,0.0,100.0
CCN(C(=O)CC(C#N)c1ccc(F)cc1)c1ccccc1,CCN(C(=O)CC(C#N)c1ccc(F)cc1)c1ccccc1,1,1,100.0,0.0,100.0
COCSc1nnc(-c2ccncc2)n1-c1ccc(C)c(C)c1,COCSc1nnc(-c2ccncc2)n1-c1ccc(C)c(C)c1,1,1,100.0,0.0,100.0
CC1(C)Cc2cccc(OCc3cc(=O)n4ccsc4n3)c2O1,CC1(C)Cc2cccc(OCc3cc(=O)n4ccsc4n3)c2O1,1,1,100.0,0.0,100.0
Cc1ccccc1CN1CCN(c2ccc(O)cc2)CC1,Cc1ccccc1CN1CCN(c2ccc(O)cc2)CC1,1,1,100.0,0.0,100.0
O=C1CCC(C(=O)OCc2ccc3c(c2)OCO3)CC1,O=C1CCC(C(=O)OCc2ccc3c(c2)OCO3)CC1,1,1,100.0,0.0,100.0
Cc1nc(COC(=O)Cc2cccs2)nc2ccccc12,Cc1nc(COC(=O)Cc2cccs2)nc2ccccc12,1,1,100.0,0.0,100.0
COc1cc(CNc2cccc(OC(C)C)c2)ccc1O,COc1cc(CNc2cccc(OC(C)C)c2)ccc1O,1,1,100.0,0.0,100.0
CCOC(=O)CCn1c(C(C)C)nc2c(N)cccc21,CCOC(=O)CCn1c(C(C)C)nc2c(N)cccc21,1,1,100.0,0.0,100.0
N#Cc1ccc(C(=O)NCC(O)c2ccc(C(F)(F)F)cc2)cc1,N#Cc1ccc(C(=O)NCC(O)c2ccc(C(F)(F)F)cc2)cc1,1,1,100.0,0.0,100.0
COc1cc2ccnc(N)c2cc1Br,COc1cc2ccnc(N)c2cc1Br,1,1,100.0,0.0,100.0
CC(O)CCNS(=O)(=O)c1ccc2c(c1)CCCC2,CC(O)CCNS(=O)(=O)c1ccc2c(c1)CCCC2,1,1,100.0,0.0,100.0
COc1cc(Cl)c(C2NCCNC2=O)cc1Cl,COc1cc(Cl)c(C2NCCNC2=O)cc1Cl,1,1,100.0,0.0,100.0
CCN1CC(C(=O)NCc2cccc(OC)c2OC)CC1=O,CCN1CC(C(=O)NCc2cccc(OC)c2OC)CC1=O,1,1,100.0,0.0,100.0
O=C(CCc1ccccc1)NCCc1ncc2ccccn12,O=C(CCc1ccccc1)NCCc1ncc2ccccn12,1,1,100.0,0.0,100.0
COc1ccc(C(=O)N2CCc3c(N)cccc32)cc1,COc1ccc(C(=O)N2CCc3c(N)cccc32)cc1,1,1,100.0,0.0,100.0
O=C(NC(CN1CCOCC1)c1ccccc1)c1ccc[nH]1,O=C(NC(CN1CCOCC1)c1ccccc1)c1ccc[nH]1,1,1,100.0,0.0,100.0
CC(=O)Nc1ccc(F)c(NC(=O)N(C)C(C)CC#N)c1,CC(=O)Nc1ccc(F)c(NC(=O)N(C)C(C)CC#N)c1,1,1,100.0,0.0,100.0
Cc1cccnc1NC(=O)C1CN(C(=O)c2cccs2)C1,Cc1cccnc1NC(=O)C1CN(C(=O)c2cccs2)C1,1,1,100.0,0.0,100.0
O=C(NC1CC1)C1CCN(c2ccc(C(F)(F)F)cn2)CC1,O=C(NC1CC1)C1CCN(c2ccc(C(F)(F)F)cn2)CC1,1,1,100.0,0.0,100.0
CCNC(=O)c1ccc(NC(=O)Cc2cccc(O)c2)cc1,CCNC(=O)c1ccc(NC(=O)Cc2cccc(O)c2)cc1,1,1,100.0,0.0,100.0
O=C(NCCNc1nnnn1-c1ccccc1)C1CC=CCC1,O=C(NCCNc1nnnn1-c1ccccc1)C1CC=CCC1,1,1,100.0,0.0,100.0
COc1cn(C)c(C(=O)Nc2ccc3cc[nH]c3c2)cc1=O,COc1cn(C)c(C(=O)Nc2ccc3cc[nH]c3c2)cc1=O,1,1,100.0,0.0,100.0
O=C1CCC(C(=O)Nc2ccc3c(c2)COC3)CN1,O=C1CCC(C(=O)Nc2ccc3c(c2)COC3)CN1,1,1,100.0,0.0,100.0
O=C(C1CCCO1)N1CCC(c2cccc(C(F)(F)F)c2)C1,O=C(C1CCCO1)N1CCC(c2cccc(C(F)(F)F)c2)C1,1,1,100.0,0.0,100.0
CC(CC(N)=O)C(=O)N1CCN(c2ccccc2)CC1,CC(CC(N)=O)C(=O)N1CCN(c2ccccc2)CC1,1,1,100.0,0.0,100.0
COc1ccc(Cl)cc1-c1ccc2c(=O)[nH]cnc2c1,COc1ccc(Cl)cc1-c1ccc2c(=O)[nH]cnc2c1,1,1,100.0,0.0,100.0
Nc1nccnc1C(=O)NCc1ccc(OCc2ccccc2)cc1,Nc1nccnc1C(=O)NCc1ccc(OCc2ccccc2)cc1,1,1,100.0,0.0,100.0
Nc1ccc2c(c1)C(c1cc(F)ccc1F)NCC2,Nc1ccc2c(c1)C(c1cc(F)ccc1F)NCC2,1,1,100.0,0.0,100.0
O=C(c1cc(-c2csc(-c3cccnc3)n2)c[nH]1)N1CCCC1,O=C(c1cc(-c2csc(-c3cccnc3)n2)c[nH]1)N1CCCC1,1,1,100.0,0.0,100.0
CC(C)(CNC(=O)Cn1nc2ccccn2c1=O)c1cccs1,CC(C)(CNC(=O)Cn1nc2ccccn2c1=O)c1cccs1,1,1,100.0,0.0,100.0
COCCN(C)C(=O)Nc1cccc(Cl)c1N(C)C,COCCN(C)C(=O)Nc1cccc(Cl)c1N(C)C,1,1,100.0,0.0,100.0
Cc1ccc(CNC(=O)N2CCN(c3ccccc3C#N)CC2)cn1,Cc1ccc(CNC(=O)N2CCN(c3ccccc3C#N)CC2)cn1,1,1,100.0,0.0,100.0
Cc1noc(C)c1C(C)NC(=O)CCNC(=O)Cc1ccccc1,Cc1noc(C)c1C(C)NC(=O)CCNC(=O)Cc1ccccc1,1,1,100.0,0.0,100.0
CN(CC(=O)Nc1ccc2[nH]c(=O)[nH]c2c1)C(=O)c1ccccc1,CN(CC(=O)Nc1ccc2[nH]c(=O)[nH]c2c1)C(=O)c1ccccc1,1,1,100.0,0.0,100.0
O=C(NCCCNC(=O)c1cccs1)c1cnccn1,O=C(NCCCNC(=O)c1cccs1)c1cnccn1,1,1,100.0,0.0,100.0
CNS(=O)(=O)c1cccc(CNC(=O)c2ccoc2)c1,CNS(=O)(=O)c1cccc(CNC(=O)c2ccoc2)c1,1,1,100.0,0.0,100.0
O=S(=O)(NCCC(O)c1ccccc1)c1cccc(Cl)c1,O=S(=O)(NCCC(O)c1ccccc1)c1cccc(Cl)c1,1,1,100.0,0.0,100.0
CNC(=O)CCNc1c(-c2ccc(C)cc2)nc2cnccn12,CNC(=O)CCNc1c(-c2ccc(C)cc2)nc2cnccn12,1,1,100.0,0.0,100.0
Fc1cnc(N2CCc3onc(COc4cccnc4)c3C2)nc1,Fc1cnc(N2CCc3onc(COc4cccnc4)c3C2)nc1,1,1,100.0,0.0,100.0
COC(=O)C1(N(C)C(=O)c2scnc2C2CC2)CCCCC1,COC(=O)C1(N(C)C(=O)c2scnc2C2CC2)CCCCC1,1,1,100.0,0.0,100.0
CCn1cc(S(=O)(=O)NCc2ccc(C)o2)c(N)n1,CCn1cc(S(=O)(=O)NCc2ccc(C)o2)c(N)n1,1,1,100.0,0.0,100.0
CCN(Cc1ccc(OC)c(OC)c1)C(=O)CC1(O)CCCCC1,CCN(Cc1ccc(OC)c(OC)c1)C(=O)CC1(O)CCCCC1,1,1,100.0,0.0,100.0
COCCNC(=O)c1cccc(N(C)S(C)(=O)=O)c1C,COCCNC(=O)c1cccc(N(C)S(C)(=O)=O)c1C,1,1,100.0,0.0,100.0
COC(=O)c1ccccc1CCc1nc(C2CCOC2)no1,COC(=O)c1ccccc1CCc1nc(C2CCOC2)no1,1,1,100.0,0.0,100.0
Cc1cc(Br)cnc1NCC1COC2(CCOCC2)O1,Cc1cc(Br)cnc1NCC1COC2(CCOCC2)O1,1,1,100.0,0.0,100.0
CN1CCOC2(CCCN(C(=O)Cc3ccccc3)C2)C1,CN1CCOC2(CCCN(C(=O)Cc3ccccc3)C2)C1,1,1,100.0,0.0,100.0
Cc1ccc(-c2nnc(NC(=O)c3ccc(=O)n(C)c3)s2)c(C)c1,Cc1ccc(-c2nnc(NC(=O)c3ccc(=O)n(C)c3)s2)c(C)c1,1,1,100.0,0.0,100.0
Cc1nc(CNC(=O)CCn2nc3ccccn3c2=O)c(C)s1,Cc1nc(CNC(=O)CCn2nc3ccccn3c2=O)c(C)s1,1,1,100.0,0.0,100.0
Cc1noc(C)c1S(=O)(=O)NCC1CCOC1,Cc1noc(C)c1S(=O)(=O)NCC1CCOC1,1,1,100.0,0.0,100.0
NS(=O)(=O)NCc1ccc(-c2cccnc2)cc1,NS(=O)(=O)NCc1ccc(-c2cccnc2)cc1,1,1,100.0,0.0,100.0
COC(=O)c1nnn(-c2cccc(C(F)(F)F)c2)c1O,COC(=O)c1nnn(-c2cccc(C(F)(F)F)c2)c1O,1,1,100.0,0.0,100.0
Cc1noc(C)c1CC(=O)N(C)Cc1ccc(OC(F)(F)F)cc1,Cc1noc(C)c1CC(=O)N(C)Cc1ccc(OC(F)(F)F)cc1,1,1,100.0,0.0,100.0
CCc1nc(Cn2cnc3cc(F)ccc3c2=O)no1,CCc1nc(Cn2cnc3cc(F)ccc3c2=O)no1,1,1,100.0,0.0,100.0
O=C(CSc1nc(=O)[nH]c2c1CCCC2)Nc1ccc(Cl)cc1,O=C(CSc1nc(=O)[nH]c2c1CCCC2)Nc1ccc(Cl)cc1,1,1,100.0,0.0,100.0
CCC1CCc2c(sc(NC(=O)c3cnccn3)c2C(=O)OC)C1,CCC1CCc2c(sc(NC(=O)c3cnccn3)c2C(=O)OC)C1,1,1,100.0,0.0,100.0
CN(C)C(=O)c1ccc(NC(=O)COc2cccc3[nH]ccc23)cc1,CN(C)C(=O)c1ccc(NC(=O)COc2cccc3[nH]ccc23)cc1,1,1,100.0,0.0,100.0
Cc1oc(-c2ccco2)nc1CN1CCOc2ccc(F)cc21,Cc1oc(-c2ccco2)nc1CN1CCOc2ccc(F)cc21,1,1,100.0,0.0,100.0
COc1ccc(CNC(=O)Cn2c(C(C)C)nc3ccccc32)cc1,COc1ccc(CNC(=O)Cn2c(C(C)C)nc3ccccc32)cc1,1,1,100.0,0.0,100.0
Cc1ccc(S(=O)(=O)NCc2ccc(Cl)cc2)cc1C(N)=O,Cc1ccc(S(=O)(=O)NCc2ccc(Cl)cc2)cc1C(N)=O,1,1,100.0,0.0,100.0
CCc1ccc(NC(=O)NCc2cn(-c3ccccc3)nn2)cc1,CCc1ccc(NC(=O)NCc2cn(-c3ccccc3)nn2)cc1,1,1,100.0,0.0,100.0
CC(=O)Nc1cccc(Oc2ccc(N)cc2C(F)(F)F)c1,CC(=O)Nc1cccc(Oc2ccc(N)cc2C(F)(F)F)c1,1,1,100.0,0.0,100.0
COCCCn1c(-c2ccc(C)cc2)ccc(N)c1=O,COCCCn1c(-c2ccc(C)cc2)ccc(N)c1=O,1,1,100.0,0.0,100.0
CC(=O)c1c(C)[nH]c(C(=O)Nc2ccccn2)c1C,CC(=O)c1c(C)[nH]c(C(=O)Nc2ccccn2)c1C,1,1,100.0,0.0,100.0
O=C(Nc1ccccc1)N1CCN(CCc2c[nH]c3ncccc23)CC1,O=C(Nc1ccccc1)N1CCN(CCc2c[nH]c3ncccc23)CC1,1,1,100.0,0.0,100.0
COCC(=O)Nc1ncc(Cc2ccc(C#N)cc2)s1,COCC(=O)Nc1ncc(Cc2ccc(C#N)cc2)s1,1,1,100.0,0.0,100.0
CCC(C)C(C)NC(=O)c1nc2ccccc2c(=O)[nH]1,CCC(C)C(C)NC(=O)c1nc2ccccc2c(=O)[nH]1,1,1,100.0,0.0,100.0
Fc1cccc(CN2CCC(c3nc(-c4cccnc4)no3)C2)c1F,Fc1cccc(CN2CCC(c3nc(-c4cccnc4)no3)C2)c1F,1,1,100.0,0.0,100.0
CC(C)c1cc(C(=O)N2CCC(Oc3ccccc3Cl)CC2)on1,CC(C)c1cc(C(=O)N2CCC(Oc3ccccc3Cl)CC2)on1,1,1,100.0,0.0,100.0
CC(C)(C)c1n[nH]cc1C1NC(=O)c2ccc(Cl)cc2N1,CC(C)(C)c1n[nH]cc1C1NC(=O)c2ccc(Cl)cc2N1,1,1,100.0,0.0,100.0
Cc1ccc(-c2n[nH]c(C)c2NC(=O)NC(C)C)c(C)c1,Cc1ccc(-c2n[nH]c(C)c2NC(=O)NC(C)C)c(C)c1,1,1,100.0,0.0,100.0
CC1CN(C(=O)OC(C)(C)C)C(C)CN1Cc1ccn(C)c1,CC1CN(C(=O)OC(C)(C)C)C(C)CN1Cc1ccn(C)c1,1,1,100.0,0.0,100.0
Cc1ccc(NC(=O)c2nnn(-c3ccc(C)cc3)c2C)cc1,Cc1ccc(NC(=O)c2nnn(-c3ccc(C)cc3)c2C)cc1,1,1,100.0,0.0,100.0
Cc1cc(C(=O)Oc2ccc3c(c2)CCC(=O)N3)c(C)o1,Cc1cc(C(=O)Oc2ccc3c(c2)CCC(=O)N3)c(C)o1,1,1,100.0,0.0,100.0
CC(NC(=O)N1CCC(NS(C)(=O)=O)CC1)c1ccccc1F,CC(NC(=O)N1CCC(NS(C)(=O)=O)CC1)c1ccccc1F,1,1,100.0,0.0,100.0
O=C(Cc1ccc[nH]1)NCC1(c2ccccc2Br)CC1,O=C(Cc1ccc[nH]1)NCC1(c2ccccc2Br)CC1,1,1,100.0,0.0,100.0
CCCOc1ccc(Cl)cc1NC(=O)N1CCC1,CCCOc1ccc(Cl)cc1NC(=O)N1CCC1,1,1,100.0,0.0,100.0
Cc1occc1C(=O)N1CCN(c2ccc(F)cc2)CC1,Cc1occc1C(=O)N1CCN(c2ccc(F)cc2)CC1,1,1,100.0,0.0,100.0
COC(=O)NCC(=O)NC(C)c1cccc(N2CCCC2)c1,COC(=O)NCC(=O)NC(C)c1cccc(N2CCCC2)c1,1,1,100.0,0.0,100.0
Cc1sc2[nH]c(=O)n(-c3ccc4c(c3)OCO4)c(=O)c2c1C,Cc1sc2[nH]c(=O)n(-c3ccc4c(c3)OCO4)c(=O)c2c1C,1,1,100.0,0.0,100.0
COCCOC(=O)Cn1c(=O)[nH]c2ccccc2c1=O,COCCOC(=O)Cn1c(=O)[nH]c2ccccc2c1=O,1,1,100.0,0.0,100.0
Cc1ccc(-c2ncco2)cc1NC(=O)CN(C)S(C)(=O)=O,Cc1ccc(-c2ncco2)cc1NC(=O)CN(C)S(C)(=O)=O,1,1,100.0,0.0,100.0
O=C(c1cc2ccccc2o1)N1CCCC(C(=O)N2CCOCC2)C1,O=C(c1cc2ccccc2o1)N1CCCC(C(=O)N2CCOCC2)C1,1,1,100.0,0.0,100.0
CC(=O)Nc1ccc(C)c(NC(=O)N(C2CC2)C(C)c2ccco2)c1,CC(=O)Nc1ccc(C)c(NC(=O)N(C2CC2)C(C)c2ccco2)c1,1,1,100.0,0.0,100.0
CCCOc1ccc(CNC(=O)c2ccc(-n3cncn3)nc2)cc1,CCCOc1ccc(CNC(=O)c2ccc(-n3cncn3)nc2)cc1,1,1,100.0,0.0,100.0
COc1ccc2c(c1)nc(C1CC1)n2-c1cccc(N)c1,COc1ccc2c(c1)nc(C1CC1)n2-c1cccc(N)c1,1,1,100.0,0.0,100.0
CCC(c1ccccc1)c1nc(C2CC(=O)N(c3ccccc3)C2)no1,CCC(c1ccccc1)c1nc(C2CC(=O)N(c3ccccc3)C2)no1,1,1,100.0,0.0,100.0
O=C(NC1CCCOC1)c1cc(-c2ccccn2)n[nH]1,O=C(NC1CCCOC1)c1cc(-c2ccccn2)n[nH]1,1,1,100.0,0.0,100.0
Cc1nc(C)n(-c2ccccc2NC(=O)N(C)CC(F)F)n1,Cc1nc(C)n(-c2ccccc2NC(=O)N(C)CC(F)F)n1,1,1,100.0,0.0,100.0
Fc1ccc(SCc2csc(-c3ncccn3)n2)cc1F,Fc1ccc(SCc2csc(-c3ncccn3)n2)cc1F,1,1,100.0,0.0,100.0
COCC(C)(O)CNS(=O)(=O)c1ccc(OC)c(C)c1,COCC(C)(O)CNS(=O)(=O)c1ccc(OC)c(C)c1,1,1,100.0,0.0,100.0
Cc1oc2ccc(O)cc2c1C(=O)NC1CCCCC1,Cc1oc2ccc(O)cc2c1C(=O)NC1CCCCC1,1,1,100.0,0.0,100.0
CS(=O)(=O)N(Cc1ccccn1)CC1CCC1,CS(=O)(=O)N(Cc1ccccn1)CC1CCC1,1,1,100.0,0.0,100.0
CCc1n[nH]c(SCC(=O)Nc2ccc(C(=O)OC)cc2)n1,CCc1n[nH]c(SCC(=O)Nc2ccc(C(=O)OC)cc2)n1,1,1,100.0,0.0,100.0
Cc1ccc(NC(=O)CCNC(=O)C(C)(C)C)cc1S(C)(=O)=O,Cc1ccc(NC(=O)CCNC(=O)C(C)(C)C)cc1S(C)(=O)=O,1,1,100.0,0.0,100.0
CCn1cc(NC(C)C(=O)Nc2ccnn2C(C)C)cn1,CCn1cc(NC(C)C(=O)Nc2ccnn2C(C)C)cn1,1,1,100.0,0.0,100.0
CC(C)NC(=O)c1cc(S(=O)(=O)N2CCOCC2)cn1C,CC(C)NC(=O)c1cc(S(=O)(=O)N2CCOCC2)cn1C,1,1,100.0,0.0,100.0
O=C(Cn1cc(C2CC2)nn1)N(c1cccc2cccnc12)C1CCC1,O=C(Cn1cc(C2CC2)nn1)N(c1cccc2cccnc12)C1CCC1,1,1,100.0,0.0,100.0
COc1ncccc1CNC(=O)Nc1ccc2oc(C3CC3)nc2c1,COc1ncccc1CNC(=O)Nc1ccc2oc(C3CC3)nc2c1,1,1,100.0,0.0,100.0
COc1ccc(C(O)CNC(=O)C2CCCCC2)cc1C,COc1ccc(C(O)CNC(=O)C2CCCCC2)cc1C,1,1,100.0,0.0,100.0
C=C(C)c1nc(N)nc(-c2cccc(-c3nc(N)nc(C(=C)C)n3)c2)n1,C=C(C)c1nc(N)nc(-c2cccc(-c3nc(N)nc(C(=C)C)n3)c2)n1,1,1,100.0,0.0,100.0
CCN(C(=O)Cn1c(=O)[nH]c2ccccc21)c1ccccc1,CCN(C(=O)Cn1c(=O)[nH]c2ccccc21)c1ccccc1,1,1,100.0,0.0,100.0
Cc1cc(C(=O)N2CC(C(=O)N(C)Cc3ccccc3)C2)no1,Cc1cc(C(=O)N2CC(C(=O)N(C)Cc3ccccc3)C2)no1,1,1,100.0,0.0,100.0
CC(c1nc(N)nc(N(C)C)n1)N(C)Cc1ccco1,CC(c1nc(N)nc(N(C)C)n1)N(C)Cc1ccco1,1,1,100.0,0.0,100.0
CN(C)C(=O)COc1ccc(NC(=O)CC2CCCC2)cc1,CN(C)C(=O)COc1ccc(NC(=O)CC2CCCC2)cc1,1,1,100.0,0.0,100.0
CCC(=O)N1CCCC(C(=O)Nc2ccc(F)c(C(=O)NC)c2)C1,CCC(=O)N1CCCC(C(=O)Nc2ccc(F)c(C(=O)NC)c2)C1,1,1,100.0,0.0,100.0
CCOc1ncccc1CNC(=O)C1CC(=O)N(CC(F)(F)F)C1,CCOc1ncccc1CNC(=O)C1CC(=O)N(CC(F)(F)F)C1,1,1,100.0,0.0,100.0
COC(=O)c1cc(Cl)ccc1NC(=O)c1ccc(=O)n(C)c1,COC(=O)c1cc(Cl)ccc1NC(=O)c1ccc(=O)n(C)c1,1,1,100.0,0.0,100.0
Cn1cc(C(=O)Nc2ccccc2C#N)c(=O)c2c(N)cccc21,Cn1cc(C(=O)Nc2ccccc2C#N)c(=O)c2c(N)cccc21,1,1,100.0,0.0,100.0
CC(=O)N1CCN(C(=O)c2sc3ccccc3c2C)CC1,CC(=O)N1CCN(C(=O)c2sc3ccccc3c2C)CC1,1,1,100.0,0.0,100.0
CNC(=O)CNC(=O)c1ccnc(-n2ccnc2)c1,CNC(=O)CNC(=O)c1ccnc(-n2ccnc2)c1,1,1,100.0,0.0,100.0
CCC(C(=O)OC)n1nc(C#N)cc1-c1cccs1,CCC(C(=O)OC)n1nc(C#N)cc1-c1cccs1,1,1,100.0,0.0,100.0
Cc1nc(N(C)Cc2ccn[nH]2)c2nc(C)oc2n1,Cc1nc(N(C)Cc2ccn[nH]2)c2nc(C)oc2n1,1,1,100.0,0.0,100.0
CCc1cccc(C)c1NCCOc1ccccc1OC,CCc1cccc(C)c1NCCOc1ccccc1OC,1,1,100.0,0.0,100.0
CC(NS(=O)(=O)c1cnn(C)c1)C(=O)NC1CCCCC1,CC(NS(=O)(=O)c1cnn(C)c1)C(=O)NC1CCCCC1,1,1,100.0,0.0,100.0
c1ccc(-c2nc(Nc3ncccn3)cc(-c3ccncc3)n2)cc1,c1ccc(-c2nc(Nc3ncccn3)cc(-c3ccncc3)n2)cc1,1,1,100.0,0.0,100.0
CCCCNC(=O)c1nnc2n(c1=O)CCN2c1ccc(F)cc1,CCCCNC(=O)c1nnc2n(c1=O)CCN2c1ccc(F)cc1,1,1,100.0,0.0,100.0
O=C(NCCCN1CCCC1=O)c1cc2ccccc2[nH]1,O=C(NCCCN1CCCC1=O)c1cc2ccccc2[nH]1,1,1,100.0,0.0,100.0
CCC(C)n1nc(C)c2[nH]c(-c3cccc(C)n3)nc21,CCC(C)n1nc(C)c2[nH]c(-c3cccc(C)n3)nc21,1,1,100.0,0.0,100.0
NC(=O)COC(=O)c1cc(Cl)c2c(c1)OCO2,NC(=O)COC(=O)c1cc(Cl)c2c(c1)OCO2,1,1,100.0,0.0,100.0
Cc1ncc(S(C)(=O)=O)c(NC(C)Cc2ccsc2)n1,Cc1ncc(S(C)(=O)=O)c(NC(C)Cc2ccsc2)n1,1,1,100.0,0.0,100.0
CCc1ccc(S(=O)(=O)N2CC(C(N)=O)c3ccccc32)s1,CCc1ccc(S(=O)(=O)N2CC(C(N)=O)c3ccccc32)s1,1,1,100.0,0.0,100.0
Fc1ccc2[nH]c3c(NCc4ccccc4)ncnc3c2c1,Fc1ccc2[nH]c3c(NCc4ccccc4)ncnc3c2c1,1,1,100.0,0.0,100.0
Cc1ccc(-c2nc(-c3ccccn3)cc3n[nH]c(=O)n23)cc1,Cc1ccc(-c2nc(-c3ccccn3)cc3n[nH]c(=O)n23)cc1,1,1,100.0,0.0,100.0
CCc1cccc(CC)c1NC(=O)CSc1nc(O)nnc1C,CCc1cccc(CC)c1NC(=O)CSc1nc(O)nnc1C,1,1,100.0,0.0,100.0
O=C(Nc1ccccc1N1CCCC1)c1ccc(N2CCCC2=O)cc1,O=C(Nc1ccccc1N1CCCC1)c1ccc(N2CCCC2=O)cc1,1,1,100.0,0.0,100.0
Cc1ccc(-c2ncco2)cc1NC(=O)NC(C)C,Cc1ccc(-c2ncco2)cc1NC(=O)NC(C)C,1,1,100.0,0.0,100.0
CC(C)N(C)C(=O)NCc1ccnc(OCc2ccccc2)c1,CC(C)N(C)C(=O)NCc1ccnc(OCc2ccccc2)c1,1,1,100.0,0.0,100.0
Cn1nc(-c2cccnc2)c2c1CN(C(=O)c1ccco1)CCC2,Cn1nc(-c2cccnc2)c2c1CN(C(=O)c1ccco1)CCC2,1,1,100.0,0.0,100.0
O=C(Nc1cccnc1)c1n[nH]c2c(Cl)cccc12,O=C(Nc1cccnc1)c1n[nH]c2c(Cl)cccc12,1,1,100.0,0.0,100.0
CCc1nc(CC(=O)N(C)Cc2c(C)nc3sc(C)cn23)cs1,CCc1nc(CC(=O)N(C)Cc2c(C)nc3sc(C)cn23)cs1,1,1,100.0,0.0,100.0
CCc1ccc(Nc2nnc(SCC(=O)NC)s2)cc1,CCc1ccc(Nc2nnc(SCC(=O)NC)s2)cc1,1,1,100.0,0.0,100.0
COc1cc(CNC(=O)C(C)Oc2cc(C)ccc2Cl)ccn1,COc1cc(CNC(=O)C(C)Oc2cc(C)ccc2Cl)ccn1,1,1,100.0,0.0,100.0
N#CCC1CCCc2c1cnn2Cc1ccc(F)c(F)c1,N#CCC1CCCc2c1cnn2Cc1ccc(F)c(F)c1,1,1,100.0,0.0,100.0
CN(CCc1cccs1)Cc1cnc(-c2ccccn2)s1,CN(CCc1cccs1)Cc1cnc(-c2ccccn2)s1,1,1,100.0,0.0,100.0
Cc1cc(C)n(C(C)C(=O)NCCNc2ccccc2)n1,Cc1cc(C)n(C(C)C(=O)NCCNc2ccccc2)n1,1,1,100.0,0.0,100.0
CS(=O)(=O)N1CCCC(C(=O)Nc2ccc3ccccc3n2)C1,CS(=O)(=O)N1CCCC(C(=O)Nc2ccc3ccccc3n2)C1,1,1,100.0,0.0,100.0
CN(C(=O)C1CC1c1ccccc1)c1ccc(S(C)(=O)=O)cc1,CN(C(=O)C1CC1c1ccccc1)c1ccc(S(C)(=O)=O)cc1,1,1,100.0,0.0,100.0
Cc1ccnc(NC(=O)Cc2noc3ccc(C)cc23)c1,Cc1ccnc(NC(=O)Cc2noc3ccc(C)cc23)c1,1,1,100.0,0.0,100.0
Cc1csc(N2CCN(CC(=O)NCc3cccs3)CC2)n1,Cc1csc(N2CCN(CC(=O)NCc3cccs3)CC2)n1,1,1,100.0,0.0,100.0
COc1ccc(Cl)cc1C(=O)OCc1csc(NC(C)=O)n1,COc1ccc(Cl)cc1C(=O)OCc1csc(NC(C)=O)n1,1,1,100.0,0.0,100.0
CC(=O)c1cccc(NC(=O)C(C)Oc2cccc(C(C)=O)c2)c1,CC(=O)c1cccc(NC(=O)C(C)Oc2cccc(C(C)=O)c2)c1,1,1,100.0,0.0,100.0
COc1ccc(NC(C)=O)c(NC(=O)c2n[nH]c3c2CCC3)c1,COc1ccc(NC(C)=O)c(NC(=O)c2n[nH]c3c2CCC3)c1,1,1,100.0,0.0,100.0
COC(=O)c1cn(-c2ccccc2)nc1-c1ccc(OC)c(OC)c1,COC(=O)c1cn(-c2ccccc2)nc1-c1ccc(OC)c(OC)c1,1,1,100.0,0.0,100.0
Cc1ccc(S(=O)(=O)C2(C(=O)NCC3CC3)CCC2)cc1,Cc1ccc(S(=O)(=O)C2(C(=O)NCC3CC3)CCC2)cc1,1,1,100.0,0.0,100.0
CC1COC(c2ccccc2)C(C)N1C(=O)c1cnc2ccccc2n1,CC1COC(c2ccccc2)C(C)N1C(=O)c1cnc2ccccc2n1,1,1,100.0,0.0,100.0
CSc1n[nH]c(NCc2ccc(Cl)cc2)n1,CSc1n[nH]c(NCc2ccc(Cl)cc2)n1,1,1,100.0,0.0,100.0
O=C(COCC1CC1)Nc1cccc2ncccc12,O=C(COCC1CC1)Nc1cccc2ncccc12,1,1,100.0,0.0,100.0
CC(C)(C)C(=O)N1CCC(C(=O)OCc2nc3ccccc3[nH]2)CC1,CC(C)(C)C(=O)N1CCC(C(=O)OCc2nc3ccccc3[nH]2)CC1,1,1,100.0,0.0,100.0
COC(=O)C1(NCc2cc(Cl)ccc2C)CC1,COC(=O)C1(NCc2cc(Cl)ccc2C)CC1,1,1,100.0,0.0,100.0
Cc1ccc(C(=O)N2CCCC2C(=O)NCc2ccco2)cn1,Cc1ccc(C(=O)N2CCCC2C(=O)NCc2ccco2)cn1,1,1,100.0,0.0,100.0
CSc1ccc(CN(C)C(=O)c2ccc(NC(N)=O)cc2)cc1,CSc1ccc(CN(C)C(=O)c2ccc(NC(N)=O)cc2)cc1,1,1,100.0,0.0,100.0
O=C(CSc1nc2ccccc2s1)Nc1ccnc2ccnn12,O=C(CSc1nc2ccccc2s1)Nc1ccnc2ccnn12,1,1,100.0,0.0,100.0
COc1ccc(C(=O)NCC#Cc2ccccc2N(C)C)cc1OC,COc1ccc(C(=O)NCC#Cc2ccccc2N(C)C)cc1OC,1,1,100.0,0.0,100.0
CC(Cn1cccn1)NC(=O)NCCN1CCCCCC1=O,CC(Cn1cccn1)NC(=O)NCCN1CCCCCC1=O,1,1,100.0,0.0,100.0
Cc1ccc(C(=O)N(C)CC23CC4CC(CC(C4)C2)C3)c(=O)[nH]1,Cc1ccc(C(=O)N(C)CC23CC4CC(CC(C4)C2)C3)c(=O)[nH]1,1,1,100.0,0.0,100.0
CC(C)(C)c1nnnn1Cc1ccc(C(N)=O)cc1,CC(C)(C)c1nnnn1Cc1ccc(C(N)=O)cc1,1,1,100.0,0.0,100.0
OC(COc1ccccc1)COc1ccc(-n2ccnc2)cc1,OC(COc1ccccc1)COc1ccc(-n2ccnc2)cc1,1,1,100.0,0.0,100.0
O=C(c1c[nH]nc1-c1ccccc1)N(CC#Cc1ccccc1)C1CC1,O=C(c1c[nH]nc1-c1ccccc1)N(CC#Cc1ccccc1)C1CC1,1,1,100.0,0.0,100.0
Cc1nn(C)c(C)c1Nc1c(C#N)nnc2ccccc12,Cc1nn(C)c(C)c1Nc1c(C#N)nnc2ccccc12,1,1,100.0,0.0,100.0
CN1CCN(C(=O)Cc2ccc[nH]2)c2ccc(F)cc21,CN1CCN(C(=O)Cc2ccc[nH]2)c2ccc(F)cc21,1,1,100.0,0.0,100.0
CCSc1ncc(CO)n1Cc1ccc(C)cc1,CCSc1ncc(CO)n1Cc1ccc(C)cc1,1,1,100.0,0.0,100.0
Cc1nc(C(F)(F)F)ccc1C(=O)N(CC(N)=O)C1CCCC1,Cc1nc(C(F)(F)F)ccc1C(=O)N(CC(N)=O)C1CCCC1,1,1,100.0,0.0,100.0
O=C(Nc1c[nH]c2c(Cl)cccc2c1=O)N1CCOCC1,O=C(Nc1c[nH]c2c(Cl)cccc2c1=O)N1CCOCC1,1,1,100.0,0.0,100.0
Cc1nc(CN(C)C(=O)Nc2ccncc2)cs1,Cc1nc(CN(C)C(=O)Nc2ccncc2)cs1,1,1,100.0,0.0,100.0
CC(C)Cn1c(CNC(=O)c2cccs2)nc2ccccc21,CC(C)Cn1c(CNC(=O)c2cccs2)nc2ccccc21,1,1,100.0,0.0,100.0
CCOc1cc(CCC(=O)c2cccnc2)ccc1OC,CCOc1cc(CCC(=O)c2cccnc2)ccc1OC,1,1,100.0,0.0,100.0
O=C(Cc1nnc(-c2cccc(F)c2)o1)NCc1cccc(Cl)c1,O=C(Cc1nnc(-c2cccc(F)c2)o1)NCc1cccc(Cl)c1,1,1,100.0,0.0,100.0
O=c1c2sc(-c3ccccc3)cc2nc2n1CCC2,O=c1c2sc(-c3ccccc3)cc2nc2n1CCC2,1,1,100.0,0.0,100.0
Cc1ccc(NC(=O)Cn2c(C)nc3c(N)cccc32)c(C)c1,Cc1ccc(NC(=O)Cn2c(C)nc3c(N)cccc32)c(C)c1,1,1,100.0,0.0,100.0
O=C(NCc1ccccn1)c1n[nH]c2ccc(Cl)cc12,O=C(NCc1ccccn1)c1n[nH]c2ccc(Cl)cc12,1,1,100.0,0.0,100.0
Cc1ccc(C(=O)N2CCN(c3nnnn3-c3ccccc3)CC2)o1,Cc1ccc(C(=O)N2CCN(c3nnnn3-c3ccccc3)CC2)o1,1,1,100.0,0.0,100.0
Cc1sc2ncnc(N3CCN(Cc4cccs4)CC3)c2c1C,Cc1sc2ncnc(N3CCN(Cc4cccs4)CC3)c2c1C,1,1,100.0,0.0,100.0
Cn1nnc2c(SCc3cccnc3)ncnc21,Cn1nnc2c(SCc3cccnc3)ncnc21,1,1,100.0,0.0,100.0
CCOc1ccccc1-c1nccn1CC1CCCO1,CCOc1ccccc1-c1nccn1CC1CCCO1,1,1,100.0,0.0,100.0
O=C(CC1C=CCC1)N1CCN(c2cnccn2)CC1,O=C(CC1C=CCC1)N1CCN(c2cnccn2)CC1,1,1,100.0,0.0,100.0
COc1ccccc1C(=O)NCCNC(=O)c1ccc(C)nc1,COc1ccccc1C(=O)NCCNC(=O)c1ccc(C)nc1,1,1,100.0,0.0,100.0
CC1(C)CCN1C(=O)NC(Cn1cncn1)c1ccccc1,CC1(C)CCN1C(=O)NC(Cn1cncn1)c1ccccc1,1,1,100.0,0.0,100.0
COc1ccc(C)nc1NC(=O)c1cnc(C2CCCO2)s1,COc1ccc(C)nc1NC(=O)c1cnc(C2CCCO2)s1,1,1,100.0,0.0,100.0
CC(=O)Nc1ccc(Cl)c(NC(=O)N2CC(C)OC(C)C2)c1,CC(=O)Nc1ccc(Cl)c(NC(=O)N2CC(C)OC(C)C2)c1,1,1,100.0,0.0,100.0
OCCc1ccccc1NCc1ccncc1Cl,OCCc1ccccc1NCc1ccncc1Cl,1,1,100.0,0.0,100.0
O=C(CCc1nnc2ccccn2c1=O)NCCc1ccco1,O=C(CCc1nnc2ccccn2c1=O)NCCc1ccco1,1,1,100.0,0.0,100.0
CCN(c1ccc(NC(=O)COc2cc(C)on2)cc1)C(C)C,CCN(c1ccc(NC(=O)COc2cc(C)on2)cc1)C(C)C,1,1,100.0,0.0,100.0
NC(=O)N1CCC(NC(=O)c2cccc(-c3ccoc3)c2)CC1,NC(=O)N1CCC(NC(=O)c2cccc(-c3ccoc3)c2)CC1,1,1,100.0,0.0,100.0
COc1ccccc1OCCn1c(=O)[nH]c2ccccc2c1=O,COc1ccccc1OCCn1c(=O)[nH]c2ccccc2c1=O,1,1,100.0,0.0,100.0
COc1ccc2c(c1)c(C(=O)Nc1cc(C)n(C)n1)cn2C,COc1ccc2c(c1)c(C(=O)Nc1cc(C)n(C)n1)cn2C,1,1,100.0,0.0,100.0
CCCn1nc(C(=O)N2CCCc3cccc(OC)c32)ccc1=O,CCCn1nc(C(=O)N2CCCc3cccc(OC)c32)ccc1=O,1,1,100.0,0.0,100.0
Cc1ccnc(NC(=O)c2onc(-c3ccccc3C)c2N)c1,Cc1ccnc(NC(=O)c2onc(-c3ccccc3C)c2N)c1,1,1,100.0,0.0,100.0
CCNS(=O)(=O)c1ccc(C)c(C(=O)N(CC)CCO)c1,CCNS(=O)(=O)c1ccc(C)c(C(=O)N(CC)CCO)c1,1,1,100.0,0.0,100.0
COc1ccc(NC(C)=O)cc1NC(=O)C1CC2CCC1O2,COc1ccc(NC(C)=O)cc1NC(=O)C1CC2CCC1O2,1,1,100.0,0.0,100.0
CC(C)C(C)N(C(=O)NCc1ccc(S(C)(=O)=O)cc1)C1CC1,CC(C)C(C)N(C(=O)NCc1ccc(S(C)(=O)=O)cc1)C1CC1,1,1,100.0,0.0,100.0
Cc1cc(-c2cnc(NCc3ccncc3)nc2-c2ccoc2)on1,Cc1cc(-c2cnc(NCc3ccncc3)nc2-c2ccoc2)on1,1,1,100.0,0.0,100.0
O=C(CCCc1nnc(-c2ccccc2)o1)N1CCOCC1C1CC1,O=C(CCCc1nnc(-c2ccccc2)o1)N1CCOCC1C1CC1,1,1,100.0,0.0,100.0
CCCCN(CC)C(=O)c1onc(S(C)(=O)=O)c1N,CCCCN(CC)C(=O)c1onc(S(C)(=O)=O)c1N,1,1,100.0,0.0,100.0
Cc1nc(C)c(C(=O)N2CC(C)c3ccccc32)o1,Cc1nc(C)c(C(=O)N2CC(C)c3ccccc32)o1,1,1,100.0,0.0,100.0
Cc1cc(NC(=O)NCCc2nc(-c3cccc(Cl)c3)no2)on1,Cc1cc(NC(=O)NCCc2nc(-c3cccc(Cl)c3)no2)on1,1,1,100.0,0.0,100.0
Cc1cc(OCC(=O)N2CCCCCC2)ccc1N,Cc1cc(OCC(=O)N2CCCCCC2)ccc1N,1,1,100.0,0.0,100.0
COc1ccccc1NCCC(O)c1cccs1,COc1ccccc1NCCC(O)c1cccs1,1,1,100.0,0.0,100.0
Cc1ncc(CN2C3CCC2c2cc(Cl)cnc2C3)cn1,Cc1ncc(CN2C3CCC2c2cc(Cl)cnc2C3)cn1,1,1,100.0,0.0,100.0
COc1cc(O)ccc1CNc1cccc(C)c1C,COc1cc(O)ccc1CNc1cccc(C)c1C,1,1,100.0,0.0,100.0
CNC(=O)CCSc1nnc(-c2ccc(OC)c(OC)c2)o1,CNC(=O)CCSc1nnc(-c2ccc(OC)c(OC)c2)o1,1,1,100.0,0.0,100.0
CC(C)(C)c1[nH]ncc1-c1n[nH]c2cc(N)ccc12,CC(C)(C)c1[nH]ncc1-c1n[nH]c2cc(N)ccc12,1,1,100.0,0.0,100.0
CCOC(=O)c1ccc(NCC2CCCO2)c(N)c1,CCOC(=O)c1ccc(NCC2CCCO2)c(N)c1,1,1,100.0,0.0,100.0
Cc1nc2ccccc2c2oc(C(=O)NCC3CCCO3)cc12,Cc1nc2ccccc2c2oc(C(=O)NCC3CCCO3)cc12,1,1,100.0,0.0,100.0
COc1ccccc1-n1cnnc1SCC(=O)N1CCCCC1,COc1ccccc1-n1cnnc1SCC(=O)N1CCCCC1,1,1,100.0,0.0,100.0
CC(C)c1ccc(S(=O)(=O)NCc2ccoc2)cc1,CC(C)c1ccc(S(=O)(=O)NCc2ccoc2)cc1,1,1,100.0,0.0,100.0
COc1ccc(F)c(NC(=O)COCC2CCCO2)c1,COc1ccc(F)c(NC(=O)COCC2CCCO2)c1,1,1,100.0,0.0,100.0
C#CCNc1cc(S(=O)(=O)N2CCCCCC2)ccc1OC,C#CCNc1cc(S(=O)(=O)N2CCCCCC2)ccc1OC,1,1,100.0,0.0,100.0
O=C(CSc1ccncc1)Nc1nc(-c2ccco2)cs1,O=C(CSc1ccncc1)Nc1nc(-c2ccco2)cs1,1,1,100.0,0.0,100.0
O=C(CCc1ccco1)NCCc1cccc(F)c1,O=C(CCc1ccco1)NCCc1cccc(F)c1,1,1,100.0,0.0,100.0
C#Cc1cccc(NC(=O)CNC(=O)c2ccc3c(c2)CCC3)c1,C#Cc1cccc(NC(=O)CNC(=O)c2ccc3c(c2)CCC3)c1,1,1,100.0,0.0,100.0
COc1ccccc1CNc1cc(F)ccc1OC,COc1ccccc1CNc1cc(F)ccc1OC,1,1,100.0,0.0,100.0
Cc1nc(C)n(CC(=O)N2CCCc3ccccc32)n1,Cc1nc(C)n(CC(=O)N2CCCc3ccccc32)n1,1,1,100.0,0.0,100.0
COC(=O)c1ccc(NC(=O)c2cncc(N)c2)cc1,COC(=O)c1ccc(NC(=O)c2cncc(N)c2)cc1,1,1,100.0,0.0,100.0
CN(CCc1nccs1)C(=O)NCc1ccnc(OC2CCC2)c1,CN(CCc1nccs1)C(=O)NCc1ccnc(OC2CCC2)c1,1,1,100.0,0.0,100.0
Cc1nc2c(cnn2C(C)C)cc1C(=O)OC(C)C(N)=O,Cc1nc2c(cnn2C(C)C)cc1C(=O)OC(C)C(N)=O,1,1,100.0,0.0,100.0
COc1ccc(OC)c(S(=O)(=O)NCc2csc(C)n2)c1,COc1ccc(OC)c(S(=O)(=O)NCc2csc(C)n2)c1,1,1,100.0,0.0,100.0
COc1cc(CNC(=O)NCc2cc3ccccc3o2)ccn1,COc1cc(CNC(=O)NCc2cc3ccccc3o2)ccn1,1,1,100.0,0.0,100.0
O=C(Nc1cccc(N2CCCC2=O)c1)c1cc2ccccc2o1,O=C(Nc1cccc(N2CCCC2=O)c1)c1cc2ccccc2o1,1,1,100.0,0.0,100.0
COC(=O)CSc1nc(C)cc(-c2cccs2)c1C#N,COC(=O)CSc1nc(C)cc(-c2cccs2)c1C#N,1,1,100.0,0.0,100.0
CC(C)CNC(=O)Nc1ccc(C(N)=O)cc1F,CC(C)CNC(=O)Nc1ccc(C(N)=O)cc1F,1,1,100.0,0.0,100.0
CCOCCCNC(=O)c1c(C)noc1-c1ccc(C)cc1,CCOCCCNC(=O)c1c(C)noc1-c1ccc(C)cc1,1,1,100.0,0.0,100.0
COc1ccc(-c2noc(CC3(O)CCCC3)n2)cc1,COc1ccc(-c2noc(CC3(O)CCCC3)n2)cc1,1,1,100.0,0.0,100.0
c1nc(C2CCC2)sc1CN1CCCC1CN1CCOCC1,c1nc(C2CCC2)sc1CN1CCCC1CN1CCOCC1,1,1,100.0,0.0,100.0
COCC1(O)CCN(c2cc(OC)ncn2)CC1(C)C,COCC1(O)CCN(c2cc(OC)ncn2)CC1(C)C,1,1,100.0,0.0,100.0
CCC(=O)Nc1ccc(NC(=O)c2ccc(C(=O)OC)cc2)cc1,CCC(=O)Nc1ccc(NC(=O)c2ccc(C(=O)OC)cc2)cc1,1,1,100.0,0.0,100.0
CCN(CC)C(=O)c1c(C)nc(N)nc1C(C)Oc1ccc(C)cc1,CCN(CC)C(=O)c1c(C)nc(N)nc1C(C)Oc1ccc(C)cc1,1,1,100.0,0.0,100.0
CC(C)OCc1ccc(CNC(=O)Cn2cc(Cl)cn2)cc1,CC(C)OCc1ccc(CNC(=O)Cn2cc(Cl)cn2)cc1,1,1,100.0,0.0,100.0
Cc1noc(C)c1CC(=O)NCc1ccc(OCC2CCCO2)cc1,Cc1noc(C)c1CC(=O)NCc1ccc(OCC2CCCO2)cc1,1,1,100.0,0.0,100.0
COC(=O)c1sccc1S(=O)(=O)NC1CCCCC1,COC(=O)c1sccc1S(=O)(=O)NC1CCCCC1,1,1,100.0,0.0,100.0
COc1cccc(C(=O)N2CCC3(CCC(=O)N(CCO)C3)CC2)c1,COc1cccc(C(=O)N2CCC3(CCC(=O)N(CCO)C3)CC2)c1,1,1,100.0,0.0,100.0
Cc1ccc2cccc(OCC(=O)N(C)Cc3ccccc3)c2n1,Cc1ccc2cccc(OCC(=O)N(C)Cc3ccccc3)c2n1,1,1,100.0,0.0,100.0
C#CCN1CCN(C(=O)NCCc2ccc(OC)cc2Cl)CC1,C#CCN1CCN(C(=O)NCCc2ccc(OC)cc2Cl)CC1,1,1,100.0,0.0,100.0
Cc1nc2scc(C)n2c(=O)c1NC(=O)c1ccc(F)c(F)c1,Cc1nc2scc(C)n2c(=O)c1NC(=O)c1ccc(F)c(F)c1,1,1,100.0,0.0,100.0
O=C(NCCCc1nc(Cc2ccccc2)no1)c1ccco1,O=C(NCCCc1nc(Cc2ccccc2)no1)c1ccco1,1,1,100.0,0.0,100.0
Cc1cc(NC(=O)Cc2ccc3c(c2)c2ccccc2n3C)[nH]n1,Cc1cc(NC(=O)Cc2ccc3c(c2)c2ccccc2n3C)[nH]n1,1,1,100.0,0.0,100.0
CCC(C)(NC(=O)Cc1cccc2cccnc12)c1nc(C)cs1,CCC(C)(NC(=O)Cc1cccc2cccnc12)c1nc(C)cs1,1,1,100.0,0.0,100.0
COc1cc(-c2nnc(N3CCOCC3)o2)cc(OC)c1OC,COc1cc(-c2nnc(N3CCOCC3)o2)cc(OC)c1OC,1,1,100.0,0.0,100.0
CCS(=O)(=O)N1CCCC(C(=O)Nc2ccc(OC)cc2)C1,CCS(=O)(=O)N1CCCC(C(=O)Nc2ccc(OC)cc2)C1,1,1,100.0,0.0,100.0
CC(C)NC(=O)CN1CCN(C(=O)C(C)CC2CCCCC2)CC1,CC(C)NC(=O)CN1CCN(C(=O)C(C)CC2CCCCC2)CC1,1,1,100.0,0.0,100.0
Cc1ccc(CN(C)C(=O)CSc2nccn2C)o1,Cc1ccc(CN(C)C(=O)CSc2nccn2C)o1,1,1,100.0,0.0,100.0
CCn1cc(-c2cc(C(=O)N3CCOCC3)c3ccccc3n2)cn1,CCn1cc(-c2cc(C(=O)N3CCOCC3)c3ccccc3n2)cn1,1,1,100.0,0.0,100.0
NC1=NC(=O)C2C(=N1)NC(=O)CC2c1ccc(F)cc1,NC1=NC(=O)C2C(=N1)NC(=O)CC2c1ccc(F)cc1,1,1,100.0,0.0,100.0
CCOC(=O)CN(C(=O)Cn1c(C)csc1=O)C(C)C,CCOC(=O)CN(C(=O)Cn1c(C)csc1=O)C(C)C,1,1,100.0,0.0,100.0
Nc1ccc(C2NCCc3cccc(OC(F)F)c32)cc1,Nc1ccc(C2NCCc3cccc(OC(F)F)c32)cc1,1,1,100.0,0.0,100.0
O=c1ccccn1Cc1nc(-c2cccc(Cl)c2)no1,O=c1ccccn1Cc1nc(-c2cccc(Cl)c2)no1,1,1,100.0,0.0,100.0
CC(=O)c1c[nH]c(C(=O)Nc2ccc3c(c2)nc(C(C)(C)C)n3C)c1,CC(=O)c1c[nH]c(C(=O)Nc2ccc3c(c2)nc(C(C)(C)C)n3C)c1,1,1,100.0,0.0,100.0
Nn1c(N2CCN(c3cccc(Cl)c3)CC2)nncc1=O,Nn1c(N2CCN(c3cccc(Cl)c3)CC2)nncc1=O,1,1,100.0,0.0,100.0
Cc1csc(C2(NS(=O)(=O)c3cncc(F)c3)CCCC2)n1,Cc1csc(C2(NS(=O)(=O)c3cncc(F)c3)CCCC2)n1,1,1,100.0,0.0,100.0
CNC(=O)c1ccccc1OCC(=O)N(C)C(C)c1ccccc1,CNC(=O)c1ccccc1OCC(=O)N(C)C(C)c1ccccc1,1,1,100.0,0.0,100.0
C=CCN(CC=C)C(=O)NCc1nnc2ccccn12,C=CCN(CC=C)C(=O)NCc1nnc2ccccn12,1,1,100.0,0.0,100.0
O=C(NCc1ccccc1)Nc1cc2c(cc1Cl)OCCO2,O=C(NCc1ccccc1)Nc1cc2c(cc1Cl)OCCO2,1,1,100.0,0.0,100.0
CCOc1ccccc1CN(C(=O)c1cccn1C)C1CC1,CCOc1ccccc1CN(C(=O)c1cccn1C)C1CC1,1,1,100.0,0.0,100.0
CCCCCn1c(SC(C)C(C)=O)nc2c1c(=O)[nH]c(=O)n2C,CCCCCn1c(SC(C)C(C)=O)nc2c1c(=O)[nH]c(=O)n2C,1,1,100.0,0.0,100.0
Cn1cnc(CNC(=O)N2CCc3cc(-c4ccccc4)ccc32)n1,Cn1cnc(CNC(=O)N2CCc3cc(-c4ccccc4)ccc32)n1,1,1,100.0,0.0,100.0
CCc1nc(COC(=O)Cc2ccc(F)c(F)c2)cs1,CCc1nc(COC(=O)Cc2ccc(F)c(F)c2)cs1,1,1,100.0,0.0,100.0
Cc1cc(C)c(C(=O)CCCC(=O)N(C)C)c(C)c1,Cc1cc(C)c(C(=O)CCCC(=O)N(C)C)c(C)c1,1,1,100.0,0.0,100.0
COc1cc(N)cnc1N1CCN(c2ccccc2)CC1,COc1cc(N)cnc1N1CCN(c2ccccc2)CC1,1,1,100.0,0.0,100.0
Cc1c(C(=O)OCC(=O)N2CCCC2)cnn1-c1ccncc1,Cc1c(C(=O)OCC(=O)N2CCCC2)cnn1-c1ccncc1,1,1,100.0,0.0,100.0
CC(C)c1nc(-c2ccc(Cl)c(N)c2)n(C)n1,CC(C)c1nc(-c2ccc(Cl)c(N)c2)n(C)n1,1,1,100.0,0.0,100.0
O=C(Cc1cn2ccsc2n1)N1CCN(C(=O)c2ccco2)CC1,O=C(Cc1cn2ccsc2n1)N1CCN(C(=O)c2ccco2)CC1,1,1,100.0,0.0,100.0
O=C(NCCCNC(=O)c1ccc(F)cc1F)c1cccs1,O=C(NCCCNC(=O)c1ccc(F)cc1F)c1cccs1,1,1,100.0,0.0,100.0
CNC(=O)c1ccc(OC)c(NCC(=O)NCc2ccc(F)cc2)c1,CNC(=O)c1ccc(OC)c(NCC(=O)NCc2ccc(F)cc2)c1,1,1,100.0,0.0,100.0
CCCCCc1nnc(NC(=O)c2scnc2C2CC2)s1,CCCCCc1nnc(NC(=O)c2scnc2C2CC2)s1,1,1,100.0,0.0,100.0
COCC(=O)N1CCN(C(=O)NC2CCc3cc(F)ccc32)CC1,COCC(=O)N1CCN(C(=O)NC2CCc3cc(F)ccc32)CC1,1,1,100.0,0.0,100.0
COc1ccc(-c2n[nH]cc2C(=O)N2CCCC2)cc1,COc1ccc(-c2n[nH]cc2C(=O)N2CCCC2)cc1,1,1,100.0,0.0,100.0
Cn1nc(CNC(=O)CSc2ccc(F)cc2)c2c1CCCC2,Cn1nc(CNC(=O)CSc2ccc(F)cc2)c2c1CCCC2,1,1,100.0,0.0,100.0
COc1cc(OC)cc(C(=O)N(C)Cc2ccc(C#N)cc2)c1,COc1cc(OC)cc(C(=O)N(C)Cc2ccc(C#N)cc2)c1,1,1,100.0,0.0,100.0
COc1cccc(NC(=O)Nc2ccc3c(c2)oc(=O)n3C)c1,COc1cccc(NC(=O)Nc2ccc3c(c2)oc(=O)n3C)c1,1,1,100.0,0.0,100.0
COc1cccc(C(=O)NCCN2CCOCC2)c1OC(F)F,COc1cccc(C(=O)NCCN2CCOCC2)c1OC(F)F,1,1,100.0,0.0,100.0
COC(=O)c1cc2cccc(Br)c2o1,COC(=O)c1cc2cccc(Br)c2o1,1,1,100.0,0.0,100.0
COc1ccc(CN(C(=O)Nc2cccnc2)C(C)C2CC2)cc1,COc1ccc(CN(C(=O)Nc2cccnc2)C(C)C2CC2)cc1,1,1,100.0,0.0,100.0
Cc1cc(NC(=O)Cc2c(C)noc2C)ccc1OCC(F)(F)F,Cc1cc(NC(=O)Cc2c(C)noc2C)ccc1OCC(F)(F)F,1,1,100.0,0.0,100.0
C=CCCCN(C)C(=O)c1cc2ccccc2c(=O)[nH]1,C=CCCCN(C)C(=O)c1cc2ccccc2c(=O)[nH]1,1,1,100.0,0.0,100.0
COC(=O)N(C)c1ccc(NS(=O)(=O)c2cccc(F)c2)cc1,COC(=O)N(C)c1ccc(NS(=O)(=O)c2cccc(F)c2)cc1,1,1,100.0,0.0,100.0
CCCC1=C(C(=O)OC)C(c2ccccn2)NC(=O)N1,CCCC1=C(C(=O)OC)C(c2ccccn2)NC(=O)N1,1,1,100.0,0.0,100.0
CCC(=O)Nc1c(-c2ccccc2)nc2ccccn12,CCC(=O)Nc1c(-c2ccccc2)nc2ccccn12,1,1,100.0,0.0,100.0
N#CC(Cc1ccc(O)cc1)C(=O)NCc1ccccc1,N#CC(Cc1ccc(O)cc1)C(=O)NCc1ccccc1,1,1,100.0,0.0,100.0
